Date,Note
2022-01-26,FOMC Meeting
2022-03-16,FOMC Meeting
2022-05-04,FOMC Meeting
2022-06-15,FOMC Meeting
2022-07-27,FOMC Meeting
2022-09-21,FOMC Meeting
2022-11-02,FOMC Meeting
2022-12-14,FOMC Meeting
2023-02-01,FOMC Meeting
2023-03-22,FOMC Meeting
2023-05-03,FOMC Meeting
2023-06-14,FOMC Meeting
2023-07-26,FOMC Meeting
2023-09-20,FOMC Meeting
2023-11-01,FOMC Meeting
2023-12-13,FOMC Meeting
2024-01-31,FOMC Meeting
2024-03-20,FOMC Meeting
2024-05-01,FOMC Meeting
2024-06-12,FOMC Meeting
2024-07-31,FOMC Meeting
2024-09-18,FOMC Meeting
2024-11-07,FOMC Meeting
2024-12-18,FOMC Meeting
2025-01-29,FOMC Meeting
2025-03-19,FOMC Meeting
2025-05-07,FOMC Meeting
2025-06-18,FOMC Meeting
2025-07-30,FOMC Meeting
2025-09-17,FOMC Meeting
2025-10-29,FOMC Meeting
2025-12-10,FOMC Meeting
2026-01-28,FOMC Meeting (tentative)
2026-03-18,FOMC Meeting (tentative)
2026-05-06,FOMC Meeting (tentative)
2026-06-17,FOMC Meeting (tentative)
2026-07-29,FOMC Meeting (tentative)
2026-09-16,FOMC Meeting (tentative)
2026-10-28,FOMC Meeting (tentative)
2026-12-09,FOMC Meeting (tentative)
2027-01-27,FOMC Meeting (tentative)
2027-03-17,FOMC Meeting (tentative)
2027-04-28,FOMC Meeting (tentative)
2027-06-16,FOMC Meeting (tentative)
2027-07-28,FOMC Meeting (tentative)
2027-09-22,FOMC Meeting (tentative)
2027-11-03,FOMC Meeting (tentative)
2027-12-15,FOMC Meeting (tentative)
