Tarih,Açılış,Yüksek,Düşük,Kapanış,Düzeltilmiş_Kapanış,Hacim
18/01/2023,13.75,13.75,13.75,13.75,13.237703323364258,19808
19/01/2023,15.119999885559082,15.119999885559082,15.119999885559082,15.119999885559082,14.556660652160645,190212
20/01/2023,16.6299991607666,16.6299991607666,16.6299991607666,16.6299991607666,16.010400772094727,51435
23/01/2023,18.290000915527344,18.290000915527344,18.290000915527344,18.290000915527344,17.608552932739258,346362
24/01/2023,20.100000381469727,20.100000381469727,20.100000381469727,20.100000381469727,19.35111618041992,10248072
25/01/2023,22.100000381469727,22.100000381469727,22.100000381469727,22.100000381469727,21.276599884033203,575737
26/01/2023,24.299999237060547,24.299999237060547,24.299999237060547,24.299999237060547,23.39463233947754,911808
27/01/2023,26.71999931335449,26.71999931335449,26.700000762939453,26.71999931335449,25.72446823120117,77049827
30/01/2023,29.3799991607666,29.3799991607666,29.0,29.3799991607666,28.28536033630371,86229033
31/01/2023,29.280000686645508,30.979999542236328,26.459999084472656,27.18000030517578,26.16733169555664,293572411
01/02/2023,27.5,28.440000534057617,25.559999465942383,26.13999938964844,25.16607666015625,90689993
02/02/2023,26.440000534057617,26.940000534057617,23.559999465942383,24.6200008392334,23.70271110534668,86899166
03/02/2023,24.84000015258789,27.07999992370605,23.71999931335449,26.63999938964844,25.647449493408203,82751478
06/02/2023,25.799999237060547,27.5,24.520000457763672,27.239999771118164,26.22509384155273,14983162
07/02/2023,26.299999237060547,26.799999237060547,24.520000457763672,24.520000457763672,23.60643577575684,29850770
08/02/2023,24.520000457763672,24.520000457763672,24.520000457763672,24.520000457763672,23.60643577575684,0
15/02/2023,24.5,26.959999084472656,23.57999992370605,26.959999084472656,25.95552635192871,41536328
16/02/2023,27.899999618530277,28.86000061035156,24.700000762939453,25.100000381469727,24.164825439453125,54697715
17/02/2023,24.86000061035156,26.239999771118164,23.899999618530277,25.6200008392334,24.66545295715332,47131119
20/02/2023,25.76000022888184,28.18000030517578,25.26000022888184,28.18000030517578,27.13007354736328,54639945
21/02/2023,28.420000076293945,30.700000762939453,27.700000762939453,28.899999618530277,27.823246002197266,67116450
22/02/2023,28.920000076293945,31.559999465942383,27.8799991607666,31.059999465942383,29.90276908874512,57585796
23/02/2023,31.020000457763672,34.15999984741211,30.600000381469727,34.15999984741211,32.88726806640625,50003784
24/02/2023,35.08000183105469,37.47999954223633,34.31999969482422,36.400001525878906,35.04381561279297,104956826
27/02/2023,36.380001068115234,39.58000183105469,35.560001373291016,37.119998931884766,35.73698806762695,108310500
28/02/2023,36.97999954223633,39.720001220703125,36.119998931884766,39.2599983215332,37.79725646972656,78130437
01/03/2023,40.380001068115234,41.58000183105469,40.2400016784668,41.5,39.95379638671875,52992085
02/03/2023,43.0,43.29999923706055,39.0,39.7400016784668,38.25937271118164,81326659
03/03/2023,39.540000915527344,40.84000015258789,38.02000045776367,40.29999923706055,38.79850769042969,62599032
06/03/2023,41.18000030517578,44.31999969482422,40.84000015258789,44.31999969482422,42.66872787475586,52363077
07/03/2023,46.20000076293945,48.7400016784668,45.86000061035156,48.7400016784668,46.92405319213867,120064894
08/03/2023,48.70000076293945,52.25,46.09999847412109,46.09999847412109,44.38240814208984,128277181
09/03/2023,46.08000183105469,49.0,44.59999847412109,49.0,47.17436218261719,100600413
10/03/2023,50.0,53.150001525878906,49.20000076293945,52.20000076293945,50.2551383972168,107711052
13/03/2023,52.59999847412109,54.54999923706055,51.20000076293945,53.75,51.74738693237305,97474699
14/03/2023,54.0,55.84999847412109,51.29999923706055,52.75,50.78464889526367,91607421
15/03/2023,53.04999923706055,54.59999847412109,52.0,53.650001525878906,51.65111541748047,69679428
16/03/2023,54.54999923706055,59.0,54.0,59.0,56.8017807006836,93337293
17/03/2023,61.0,64.9000015258789,60.20000076293945,64.9000015258789,62.48196792602539,100525436
20/03/2023,65.5,66.4000015258789,58.45000076293945,58.45000076293945,56.27227783203125,140659291
21/03/2023,57.150001525878906,64.0999984741211,54.34999847412109,63.0,60.65275573730469,156850467
22/03/2023,64.0,67.5,60.5,60.5,58.24589538574219,106719130
23/03/2023,61.25,64.0999984741211,58.79999923706055,62.34999847412109,60.02696990966797,106492796
24/03/2023,63.25,65.0999984741211,61.75,63.900001525878906,61.51921844482422,104193340
27/03/2023,64.5,64.75,60.70000076293945,60.70000076293945,58.43844604492188,66775494
28/03/2023,60.650001525878906,60.84999847412109,54.650001525878906,54.650001525878906,52.61385726928711,78346266
29/03/2023,51.95000076293945,57.25,49.20000076293945,53.84999847412109,51.843658447265625,136395580
30/03/2023,53.84999847412109,56.29999923706055,52.29999923706055,53.59999847412109,51.60297393798828,55073359
31/03/2023,53.0,53.900001525878906,49.5,52.84999847412109,50.88091659545898,57584777
03/04/2023,52.0,52.5,49.2599983215332,49.2599983215332,47.42467498779297,39792835
04/04/2023,49.2400016784668,53.75,45.5,53.650001525878906,51.65111541748047,81802468
05/04/2023,53.70000076293945,58.25,52.45000076293945,57.0,54.87629699707031,70481938
06/04/2023,57.0,59.900001525878906,56.09999847412109,58.75,56.56110000610352,51553907
07/04/2023,58.0,59.150001525878906,56.150001525878906,56.70000076293945,54.58747863769531,38095698
10/04/2023,56.34999847412109,59.25,55.5,56.75,54.63561630249024,34792454
11/04/2023,56.84999847412109,57.70000076293945,54.25,54.84999847412109,52.80640411376953,40707661
12/04/2023,54.900001525878906,56.650001525878906,53.54999923706055,54.0,51.988075256347656,28356103
13/04/2023,54.79999923706055,55.29999923706055,52.29999923706055,53.84999847412109,51.843658447265625,27295210
14/04/2023,54.0,55.29999923706055,53.400001525878906,54.29999923706055,52.276893615722656,26736463
17/04/2023,54.75,55.09999847412109,52.5,52.59999847412109,50.640235900878906,18379924
18/04/2023,52.59999847412109,54.09999847412109,50.04999923706055,52.650001525878906,50.68837356567383,33645400
19/04/2023,52.70000076293945,53.150001525878906,51.400001525878906,51.59999847412109,49.677490234375,14441079
20/04/2023,52.59999847412109,52.75,51.400001525878906,51.75,49.821903228759766,8475314
24/04/2023,52.0,52.70000076293945,50.650001525878906,51.20000076293945,49.29239654541016,18106376
25/04/2023,51.0,51.09999847412109,48.70000076293945,48.91999816894531,47.09733963012695,19725577
26/04/2023,49.040000915527344,51.59999847412109,47.15999984741211,49.0,47.17436218261719,48664565
27/04/2023,49.09999847412109,51.09999847412109,48.560001373291016,51.0,49.09984970092773,30195687
28/04/2023,51.0,51.34999847412109,48.5,49.619998931884766,47.771263122558594,17069030
02/05/2023,49.619998931884766,49.619998931884766,45.29999923706055,45.65999984741211,44.43252944946289,21588396
03/05/2023,45.400001525878906,45.63999938964844,41.09999847412109,41.09999847412109,39.995113372802734,39272318
04/05/2023,41.0,45.20000076293945,40.119998931884766,45.20000076293945,43.984893798828125,36180912
05/05/2023,45.20000076293945,48.380001068115234,42.119998931884766,44.52000045776367,43.32317733764648,68188554
08/05/2023,44.52000045776367,45.91999816894531,43.0,44.0,42.81715393066406,26515821
09/05/2023,44.0,44.720001220703125,41.400001525878906,41.560001373291016,40.4427490234375,19250056
10/05/2023,41.58000183105469,42.93999862670898,40.20000076293945,40.86000061035156,39.761566162109375,28708020
11/05/2023,41.5,44.380001068115234,40.93999862670898,43.36000061035156,42.1943588256836,41175025
12/05/2023,44.0,44.31999969482422,41.81999969482422,42.27999877929688,41.14339447021485,25589657
15/05/2023,41.29999923706055,46.08000183105469,39.59999847412109,42.93999862670898,41.78564834594727,38601547
16/05/2023,43.20000076293945,47.220001220703125,43.20000076293945,47.220001220703125,45.95059585571289,50001377
17/05/2023,48.20000076293945,51.900001525878906,48.0,51.900001525878906,50.50477981567383,49127027
18/05/2023,52.0,52.400001525878906,47.619998931884766,48.79999923706055,47.48811721801758,54725499
22/05/2023,49.09999847412109,51.79999923706055,48.7400016784668,50.650001525878906,49.28838348388672,45137926
23/05/2023,51.900001525878906,53.0,49.900001525878906,51.0,49.62897491455078,39673690
24/05/2023,51.29999923706055,51.45000076293945,48.560001373291016,48.959999084472656,47.64381408691406,26542952
25/05/2023,49.20000076293945,51.20000076293945,49.060001373291016,49.900001525878906,48.55854797363281,32536257
26/05/2023,50.04999923706055,50.79999923706055,49.0,50.400001525878906,49.04510498046875,22926504
29/05/2023,52.0,54.20000076293945,51.29999923706055,53.09999847412109,51.67251968383789,37928817
30/05/2023,53.59999847412109,54.150001525878906,52.34999847412109,52.900001525878906,51.47789764404297,36095064
31/05/2023,52.900001525878906,54.09999847412109,51.79999923706055,52.5,51.08864974975586,36615535
01/06/2023,53.09999847412109,56.900001525878906,53.09999847412109,55.20000076293945,53.716068267822266,60063205
02/06/2023,56.0,56.45000076293945,54.45000076293945,55.25,53.76472091674805,31281192
05/06/2023,56.0,57.0,55.45000076293945,56.25,54.73783874511719,33291200
06/06/2023,56.34999847412109,56.5,53.79999923706055,54.0,52.54832458496094,23223134
07/06/2023,55.0,55.900001525878906,53.95000076293945,54.5,53.03488540649414,27586079
08/06/2023,54.400001525878906,54.75,53.20000076293945,53.5,52.061767578125,20225489
09/06/2023,53.84999847412109,54.0,51.75,52.20000076293945,50.79671478271485,21280970
12/06/2023,52.5,54.900001525878906,51.84999847412109,53.84999847412109,52.40235900878906,44788314
13/06/2023,53.900001525878906,54.84999847412109,51.650001525878906,51.650001525878906,50.261505126953125,36908050
14/06/2023,51.79999923706055,53.650001525878906,50.84999847412109,52.5,51.08864974975586,41137422
15/06/2023,53.09999847412109,53.79999923706055,52.54999923706055,53.04999923706055,51.62386322021485,19737111
16/06/2023,53.34999847412109,54.0,52.0,54.0,52.54832458496094,47391975
19/06/2023,57.09999847412109,57.84999847412109,54.0,54.0,52.54832458496094,62271822
20/06/2023,53.95000076293945,54.150001525878906,51.34999847412109,51.75,50.35881423950195,24932587
21/06/2023,52.650001525878906,53.45000076293945,50.400001525878906,51.25,49.87225341796875,25350432
22/06/2023,51.29999923706055,53.400001525878906,50.650001525878906,52.84999847412109,51.429237365722656,25273464
23/06/2023,53.5,56.650001525878906,53.400001525878906,55.900001525878906,54.39725112915039,36565488
26/06/2023,56.34999847412109,61.400001525878906,56.09999847412109,60.45000076293945,58.82493209838867,57802939
27/06/2023,60.5,66.44999694824219,59.400001525878906,66.44999694824219,64.66362762451172,46961900
03/07/2023,67.8499984741211,71.4000015258789,67.44999694824219,68.5999984741211,66.7558364868164,84169927
04/07/2023,69.0,70.75,66.4000015258789,68.4000015258789,66.56121063232422,69235926
05/07/2023,69.05000305175781,70.8499984741211,68.19999694824219,70.80000305175781,68.89669799804688,49418039
06/07/2023,72.0,77.8499984741211,70.9000015258789,77.8499984741211,75.75716400146484,64149559
07/07/2023,79.0,84.75,77.5999984741211,81.6500015258789,79.45501708984375,105995202
10/07/2023,81.9000015258789,84.3499984741211,79.5,81.25,79.0657730102539,98591524
11/07/2023,81.94999694824219,82.9000015258789,79.4000015258789,80.0999984741211,77.94668579101562,76532778
12/07/2023,80.0999984741211,82.3499984741211,79.1500015258789,79.8499984741211,77.70340728759766,61267268
13/07/2023,79.9000015258789,86.05000305175781,79.55000305175781,83.25,81.01200103759766,109257649
14/07/2023,84.0,84.69999694824219,81.5,81.5,79.30905151367188,46356791
17/07/2023,82.5,84.1500015258789,81.75,81.94999694824219,79.7469482421875,41355563
18/07/2023,82.30000305175781,82.6500015258789,77.8499984741211,77.8499984741211,75.75716400146484,42488615
19/07/2023,77.80000305175781,82.69999694824219,75.25,81.55000305175781,79.35770416259766,71882401
20/07/2023,83.44999694824219,89.69999694824219,82.80000305175781,89.69999694824219,87.28860473632812,94064551
21/07/2023,91.4000015258789,98.6500015258789,91.3000030517578,97.0,94.39236450195312,119149174
24/07/2023,102.5,106.6999969482422,102.0,106.6999969482422,103.83159637451172,18706899
25/07/2023,112.4000015258789,113.0999984741211,97.5500030517578,100.0,97.31171417236328,125915286
26/07/2023,100.3000030517578,106.5,93.9000015258789,103.0,100.23106384277344,103781423
27/07/2023,105.0,107.5,101.3000030517578,101.3000030517578,98.57676696777344,55565429
28/07/2023,101.6999969482422,105.5999984741211,98.8000030517578,101.3000030517578,98.57676696777344,56334146
31/07/2023,105.5,111.4000015258789,104.6999969482422,111.4000015258789,108.4052505493164,61122762
01/08/2023,111.4000015258789,120.5,106.9000015258789,113.0999984741211,110.0595474243164,107123228
02/08/2023,112.8000030517578,120.0999984741211,111.6999969482422,114.3000030517578,111.227294921875,67998357
03/08/2023,114.5,118.8000030517578,112.5,113.1999969482422,110.1568603515625,69471113
04/08/2023,113.5,115.9000015258789,108.0999984741211,112.0,108.98912048339844,54131525
07/08/2023,113.0,114.5,107.3000030517578,107.3000030517578,104.41547393798828,34697871
08/08/2023,107.4000015258789,116.3000030517578,104.4000015258789,115.0999984741211,112.00578308105467,70232748
09/08/2023,115.8000030517578,125.0,114.5,117.0999984741211,113.95201873779295,93933106
10/08/2023,122.5,124.9000015258789,114.5,120.5999984741211,117.35792541503906,66903328
11/08/2023,120.6999969482422,129.60000610351562,119.3000030517578,129.3000030517578,125.82404327392578,74715936
14/08/2023,133.0,142.1999969482422,131.0,140.0,136.2364044189453,91652736
15/08/2023,139.10000610351562,145.0,134.6999969482422,139.39999389648438,135.6525115966797,83056887
16/08/2023,139.0,139.1999969482422,131.0,131.3000030517578,127.7702865600586,52250808
17/08/2023,130.0,137.6999969482422,127.6999969482422,134.5,130.88426208496094,48466814
18/08/2023,136.1999969482422,138.0,126.3000030517578,129.89999389648438,126.4079132080078,37142776
21/08/2023,128.89999389648438,135.6999969482422,127.0,134.89999389648438,131.27349853515625,41768533
22/08/2023,135.1999969482422,136.0,128.1999969482422,128.1999969482422,124.7536163330078,31113467
23/08/2023,128.1999969482422,133.6999969482422,120.4000015258789,120.4000015258789,117.1633071899414,62457251
24/08/2023,124.9000015258789,125.5999984741211,113.5999984741211,114.0,110.9353485107422,48655998
25/08/2023,118.0,125.4000015258789,111.1999969482422,125.4000015258789,122.02889251708984,54193925
28/08/2023,129.89999389648438,137.89999389648438,128.1999969482422,135.5,131.8573760986328,67592934
29/08/2023,138.6999969482422,140.39999389648438,133.5,136.1999969482422,132.53854370117188,48693514
31/08/2023,137.5,149.8000030517578,136.3000030517578,144.0,140.12887573242188,81435035
01/09/2023,144.3000030517578,146.0,139.3000030517578,141.8000030517578,137.98800659179688,54010679
04/09/2023,142.8000030517578,151.39999389648438,141.10000610351562,144.89999389648438,141.00466918945312,59157926
05/09/2023,144.89999389648438,146.5,141.6999969482422,143.89999389648438,140.03155517578125,44850653
06/09/2023,145.8000030517578,147.1999969482422,140.89999389648438,141.5,137.69607543945312,28588090
07/09/2023,142.39999389648438,143.60000610351562,138.10000610351562,143.5,139.64231872558594,24801210
08/09/2023,143.5,149.8000030517578,139.5,143.89999389648438,140.03155517578125,37561777
11/09/2023,146.0,147.10000610351562,138.6999969482422,139.0,135.26327514648438,26893562
12/09/2023,139.0,143.89999389648438,138.39999389648438,140.60000610351562,136.82028198242188,40367256
13/09/2023,142.0,142.5,136.3000030517578,136.3000030517578,132.6358642578125,32151396
14/09/2023,136.3000030517578,139.39999389648438,129.39999389648438,139.39999389648438,135.6525115966797,30414416
15/09/2023,140.0,141.0,135.60000610351562,139.0,135.26327514648438,25728822
18/09/2023,138.6999969482422,139.3000030517578,131.0,131.0,127.47835540771484,19822512
19/09/2023,131.0,138.5,129.5,136.39999389648438,132.73316955566406,33533515
20/09/2023,136.1999969482422,139.3000030517578,131.8000030517578,131.89999389648438,128.35415649414062,23078884
21/09/2023,131.5,143.0,130.60000610351562,140.5,136.72296142578125,41629883
22/09/2023,140.60000610351562,146.0,138.6999969482422,139.39999389648438,135.6525115966797,54434736
25/09/2023,139.89999389648438,144.39999389648438,139.60000610351562,141.10000610351562,137.3068389892578,30063074
26/09/2023,141.39999389648438,141.60000610351562,136.10000610351562,136.5,132.8304901123047,23625034
27/09/2023,136.6999969482422,139.89999389648438,135.8000030517578,137.3000030517578,133.60899353027344,25115971
28/09/2023,136.8000030517578,136.8000030517578,132.10000610351562,133.3000030517578,129.71652221679688,20967320
29/09/2023,133.60000610351562,137.10000610351562,132.8000030517578,133.3000030517578,129.71652221679688,29629175
02/10/2023,134.10000610351562,135.60000610351562,132.5,133.10000610351562,129.5218963623047,19438496
03/10/2023,134.60000610351562,139.0,133.10000610351562,135.5,131.8573760986328,29137959
04/10/2023,135.60000610351562,135.8000030517578,132.1999969482422,132.6999969482422,129.1326446533203,18479770
05/10/2023,133.89999389648438,136.1999969482422,130.3000030517578,133.3000030517578,129.71652221679688,27889728
06/10/2023,132.1999969482422,133.10000610351562,128.89999389648438,131.0,127.47835540771484,14126347
09/10/2023,129.0,129.39999389648438,122.8000030517578,123.0,119.69341278076172,22226029
10/10/2023,124.9000015258789,132.3000030517578,124.6999969482422,129.0,125.53211212158205,29546512
11/10/2023,129.10000610351562,129.39999389648438,124.1999969482422,125.0,121.63964080810548,17916965
12/10/2023,128.5,129.89999389648438,119.5999984741211,123.5999984741211,120.27727508544922,20736318
13/10/2023,123.0999984741211,123.8000030517578,119.0,119.4000015258789,116.190185546875,19033654
16/10/2023,120.5999984741211,122.6999969482422,113.8000030517578,114.0999984741211,111.03266143798828,21920112
17/10/2023,114.3000030517578,125.5,112.4000015258789,122.0,118.72029113769533,29994436
18/10/2023,118.5,125.1999969482422,117.0999984741211,119.0,115.80094146728516,32791985
19/10/2023,119.1999969482422,121.5999984741211,115.5,116.4000015258789,113.27083587646484,16904008
20/10/2023,115.0,115.6999969482422,111.1999969482422,115.0999984741211,112.00578308105467,23720853
23/10/2023,119.0,124.3000030517578,114.3000030517578,118.0999984741211,114.92513275146484,26258462
24/10/2023,120.3000030517578,123.1999969482422,118.8000030517578,120.0,116.77405548095705,25093006
25/10/2023,119.8000030517578,120.8000030517578,110.0,110.0,107.04288482666016,18185448
26/10/2023,110.6999969482422,117.3000030517578,109.3000030517578,115.4000015258789,112.29771423339844,23927716
27/10/2023,115.5,126.9000015258789,114.0,126.9000015258789,123.4885711669922,40688972
30/10/2023,125.4000015258789,134.5,125.0999984741211,130.39999389648438,126.89447021484376,42765151
31/10/2023,130.60000610351562,132.0,125.3000030517578,125.5,122.12620544433594,29513566
01/11/2023,126.5,128.0,116.9000015258789,120.8000030517578,117.55255126953124,22685525
02/11/2023,122.0,122.8000030517578,117.1999969482422,117.5,114.3412628173828,16366725
03/11/2023,118.5999984741211,122.6999969482422,117.0999984741211,120.3000030517578,117.06599426269533,20133255
06/11/2023,122.0,126.4000015258789,121.1999969482422,122.3000030517578,119.0122299194336,21090229
07/11/2023,122.1999969482422,123.5999984741211,120.0,120.6999969482422,117.45523071289062,12467406
08/11/2023,122.3000030517578,122.6999969482422,119.5,120.0,116.77405548095705,12200854
09/11/2023,119.1999969482422,122.6999969482422,118.0,120.8000030517578,117.55255126953124,17514630
10/11/2023,121.0,122.5999984741211,119.3000030517578,120.5,117.26061248779295,15649042
13/11/2023,120.8000030517578,121.5,116.0,116.9000015258789,113.75739288330078,10447738
14/11/2023,117.0,117.4000015258789,113.6999969482422,115.0999984741211,112.00578308105467,13936526
15/11/2023,115.8000030517578,117.3000030517578,113.6999969482422,113.8000030517578,110.74073028564452,20268743
16/11/2023,114.0,119.4000015258789,113.9000015258789,117.4000015258789,114.24395751953124,20606852
17/11/2023,117.0,117.8000030517578,115.5999984741211,116.5999984741211,113.4654541015625,9538270
20/11/2023,117.4000015258789,119.0,116.5,116.5,113.36814880371094,10070870
21/11/2023,117.5,120.5,116.8000030517578,117.5,114.3412628173828,21220505
22/11/2023,117.5,118.1999969482422,115.0999984741211,115.0999984741211,112.00578308105467,18570360
23/11/2023,115.5,118.5999984741211,114.0,114.0,110.9353485107422,21864810
24/11/2023,114.3000030517578,115.9000015258789,113.0999984741211,114.9000015258789,111.8111572265625,15551952
27/11/2023,116.0,117.0999984741211,114.6999969482422,114.9000015258789,111.8111572265625,12065700
28/11/2023,115.1999969482422,115.8000030517578,113.3000030517578,113.5999984741211,110.54610443115234,15202791
29/11/2023,114.0,114.3000030517578,109.3000030517578,110.0,107.04288482666016,17027167
30/11/2023,110.3000030517578,113.0999984741211,109.3000030517578,109.6999969482422,106.75094604492188,14030732
01/12/2023,110.8000030517578,111.6999969482422,107.4000015258789,110.0,107.04288482666016,12067287
04/12/2023,110.3000030517578,110.3000030517578,107.1999969482422,107.3000030517578,104.41547393798828,10862701
05/12/2023,107.5,110.5999984741211,106.9000015258789,107.4000015258789,104.51278686523438,25628306
06/12/2023,107.5,108.5,101.0999984741211,101.5,98.7713851928711,18199051
07/12/2023,101.5,107.5999984741211,99.0999984741211,106.4000015258789,103.53966522216795,27611753
08/12/2023,108.3000030517578,108.9000015258789,104.0999984741211,104.0999984741211,101.3014907836914,14582872
11/12/2023,104.4000015258789,104.5999984741211,100.3000030517578,102.0999984741211,99.35526275634766,11904917
12/12/2023,102.0,104.4000015258789,101.0999984741211,102.0,99.25794982910156,15989661
13/12/2023,102.6999969482422,103.3000030517578,97.5999984741211,97.8000030517578,95.17086029052734,12807102
14/12/2023,98.75,99.4000015258789,96.3499984741211,98.0,95.365478515625,13594855
15/12/2023,98.0500030517578,100.5999984741211,96.0,96.3000030517578,93.71118927001952,20686022
18/12/2023,95.9000015258789,95.9499969482422,92.5999984741211,92.9000015258789,90.40258026123048,9776125
19/12/2023,92.8000030517578,95.4000015258789,89.80000305175781,92.6500015258789,90.1593017578125,19242163
20/12/2023,92.6500015258789,95.3000030517578,91.5,92.6500015258789,90.1593017578125,14499495
21/12/2023,92.6500015258789,95.8499984741211,91.1999969482422,94.5,91.95956420898438,15701658
22/12/2023,94.75,99.0999984741211,90.0999984741211,90.5,88.06710052490234,18502742
25/12/2023,89.0,89.1500015258789,83.25,86.6500015258789,84.32060241699219,9074577
26/12/2023,87.19999694824219,90.8000030517578,84.75,87.80000305175781,85.43968200683594,15159519
27/12/2023,87.80000305175781,90.6500015258789,85.94999694824219,87.80000305175781,85.43968200683594,15659080
28/12/2023,87.75,94.5999984741211,87.55000305175781,93.5999984741211,91.0837631225586,23169859
29/12/2023,93.5999984741211,95.5500030517578,92.4499969482422,94.3000030517578,91.76494598388672,14490455
02/01/2024,94.8499984741211,103.6999969482422,94.5999984741211,103.6999969482422,100.91224670410156,30905923
03/01/2024,105.0,110.5999984741211,102.4000015258789,106.0,103.15042114257812,45493579
04/01/2024,106.1999969482422,107.3000030517578,103.0,105.4000015258789,102.56654357910156,15994646
05/01/2024,106.9000015258789,107.0999984741211,101.9000015258789,102.9000015258789,100.13375091552734,16168583
08/01/2024,103.1999969482422,106.0999984741211,101.8000030517578,101.9000015258789,99.16064453125,14366000
09/01/2024,102.0,102.3000030517578,98.5500030517578,100.0,97.31171417236328,16338124
10/01/2024,100.3000030517578,103.1999969482422,100.1999969482422,101.0,98.28482818603516,15970385
11/01/2024,102.0,106.9000015258789,100.1999969482422,102.0,99.25794982910156,26396729
12/01/2024,101.5,103.0,99.5999984741211,100.9000015258789,98.1875228881836,13294313
15/01/2024,101.1999969482422,104.6999969482422,101.1999969482422,103.8000030517578,101.00955963134766,24067208
16/01/2024,103.8000030517578,104.8000030517578,101.9000015258789,102.4000015258789,99.6471939086914,11666540
17/01/2024,102.4000015258789,104.0,101.6999969482422,102.3000030517578,99.54988861083984,7735548
18/01/2024,103.1999969482422,112.5,102.0,110.4000015258789,107.43213653564452,61710886
19/01/2024,110.0,111.8000030517578,107.5999984741211,108.5999984741211,105.6805191040039,25662174
22/01/2024,108.5,111.5,107.5999984741211,110.6999969482422,107.72406768798828,17997341
23/01/2024,111.9000015258789,115.8000030517578,110.5,111.0,108.01599884033205,22853108
24/01/2024,111.6999969482422,115.0,109.3000030517578,111.4000015258789,108.4052505493164,25749618
25/01/2024,112.0999984741211,113.6999969482422,111.8000030517578,112.3000030517578,109.28105926513672,15512213
26/01/2024,112.3000030517578,115.0,111.5999984741211,113.0,109.96224212646484,16054108
29/01/2024,113.5,119.8000030517578,113.4000015258789,117.8000030517578,114.6332015991211,24504726
30/01/2024,118.1999969482422,118.5,115.6999969482422,116.5,113.36814880371094,10196833
31/01/2024,116.5,118.5,115.0,117.9000015258789,114.7305145263672,15297556
01/02/2024,118.1999969482422,119.9000015258789,118.0999984741211,119.0,115.80094146728516,13448011
02/02/2024,122.0999984741211,128.8000030517578,121.5,124.0,120.6665267944336,34646789
05/02/2024,124.4000015258789,127.8000030517578,124.0,125.5999984741211,122.2235107421875,25402264
06/02/2024,126.0999984741211,126.5,123.9000015258789,124.5,121.15308380126952,14684853
07/02/2024,124.5999984741211,132.3000030517578,124.0999984741211,128.0,124.55899810791016,41485785
08/02/2024,128.39999389648438,129.8000030517578,126.0999984741211,126.1999969482422,122.80738067626952,17225108
09/02/2024,126.5,127.9000015258789,126.1999969482422,127.0,123.58587646484376,11518783
12/02/2024,128.6999969482422,129.5,125.8000030517578,126.5999984741211,123.19662475585938,11105097
13/02/2024,127.0,127.1999969482422,120.6999969482422,121.4000015258789,118.13642120361328,14660217
14/02/2024,121.4000015258789,122.9000015258789,118.3000030517578,121.1999969482422,117.9417953491211,14571691
15/02/2024,121.6999969482422,123.6999969482422,121.5999984741211,122.0,118.72029113769533,11390429
16/02/2024,122.4000015258789,122.8000030517578,120.3000030517578,121.0999984741211,117.84449005126952,11442375
19/02/2024,122.0,122.9000015258789,117.6999969482422,119.0,115.80094146728516,12758882
20/02/2024,119.5,127.0,117.8000030517578,124.5,121.15308380126952,29974818
21/02/2024,125.0,125.4000015258789,121.0,121.0,117.7471694946289,17447945
22/02/2024,121.5,124.1999969482422,120.5999984741211,123.3000030517578,119.98534393310548,15603960
23/02/2024,123.8000030517578,128.3000030517578,123.3000030517578,125.0,121.63964080810548,43088932
26/02/2024,127.8000030517578,134.6999969482422,127.0,131.0,127.47835540771484,41326498
27/02/2024,133.60000610351562,135.89999389648438,123.0,123.0,119.69341278076172,35383736
28/02/2024,123.0,128.10000610351562,121.0999984741211,121.1999969482422,117.9417953491211,24221238
29/02/2024,122.1999969482422,124.4000015258789,120.4000015258789,121.3000030517578,118.03911590576172,23049918
01/03/2024,121.6999969482422,122.6999969482422,120.0,121.5,118.23373413085938,14746260
04/03/2024,122.0,122.5,118.9000015258789,122.1999969482422,118.91490936279295,20627744
05/03/2024,122.1999969482422,122.5,114.5999984741211,114.5999984741211,111.51922607421876,21636630
06/03/2024,114.5999984741211,115.5999984741211,110.3000030517578,111.0,108.01599884033205,19172099
07/03/2024,111.5,119.0,111.5,116.0,112.881591796875,21463397
08/03/2024,114.0999984741211,115.5,111.5,113.0,109.96224212646484,18639361
11/03/2024,114.9000015258789,115.3000030517578,111.0999984741211,111.0999984741211,108.11331176757812,10460229
12/03/2024,111.1999969482422,112.3000030517578,106.0999984741211,107.6999969482422,104.80471801757812,13166471
13/03/2024,108.0,110.3000030517578,106.0,106.0,103.15042114257812,27063977
14/03/2024,106.3000030517578,111.5999984741211,103.0999984741211,105.1999969482422,102.37191772460938,26483499
15/03/2024,102.0,102.8000030517578,99.0,101.4000015258789,98.67407989501952,32991718
18/03/2024,101.5999984741211,101.8000030517578,99.0,99.0500030517578,96.38726043701172,13610437
19/03/2024,99.0999984741211,100.3000030517578,96.0999984741211,96.9499969482422,94.3437042236328,30676677
20/03/2024,97.1999969482422,99.8499984741211,97.0500030517578,97.9000015258789,95.26817321777344,18928667
21/03/2024,98.3000030517578,100.0,96.5999984741211,97.3499984741211,94.73294830322266,24425315
22/03/2024,97.3499984741211,97.4000015258789,95.3000030517578,95.8499984741211,93.27327728271484,13433443
25/03/2024,95.5999984741211,97.8000030517578,94.6999969482422,96.0999984741211,93.5165557861328,17145321
26/03/2024,96.0999984741211,97.4000015258789,93.5500030517578,93.9499969482422,91.42435455322266,17079270
27/03/2024,93.9499969482422,95.5,93.1500015258789,93.9000015258789,91.37570190429688,10911603
28/03/2024,94.1500015258789,96.4000015258789,92.9499969482422,92.9499969482422,90.45123291015624,16526437
29/03/2024,93.1999969482422,97.1999969482422,93.1999969482422,95.9499969482422,93.3705825805664,17364379
01/04/2024,96.4000015258789,102.3000030517578,95.25,96.1999969482422,93.6138687133789,19547223
02/04/2024,96.5,97.6500015258789,91.8499984741211,92.0500030517578,89.575439453125,9739486
03/04/2024,92.5500030517578,94.0999984741211,91.0999984741211,91.4000015258789,88.94290924072266,6865123
04/04/2024,91.6500015258789,92.6500015258789,89.69999694824219,89.94999694824219,87.5318832397461,8357082
05/04/2024,90.5,94.4499969482422,90.5,93.5,90.98645782470705,10603002
08/04/2024,94.5,100.1999969482422,94.0,99.3000030517578,96.63053894042967,19089374
15/04/2024,100.9000015258789,102.4000015258789,98.3000030517578,98.5,95.85203552246094,14195435
16/04/2024,97.0,97.4499969482422,95.1999969482422,95.8000030517578,93.22462463378906,10663544
17/04/2024,96.5999984741211,97.6999969482422,94.5500030517578,94.8000030517578,92.2515106201172,10742756
18/04/2024,95.0,96.0999984741211,94.0,94.75,92.20284271240234,6696794
19/04/2024,94.5999984741211,95.75,92.5999984741211,95.0,92.44612884521484,10693595
22/04/2024,95.6999969482422,98.0,95.0999984741211,95.0999984741211,92.54344177246094,13661075
24/04/2024,96.0,97.5999984741211,93.8000030517578,94.5,91.95956420898438,13668284
25/04/2024,94.5,95.6500015258789,93.75,94.0999984741211,91.57032012939452,9211558
26/04/2024,94.25,97.3499984741211,93.4499969482422,96.8000030517578,94.19774627685548,15374593
29/04/2024,97.6999969482422,98.1999969482422,95.4499969482422,96.0500030517578,93.46790313720705,11869366
30/04/2024,96.0500030517578,96.6999969482422,93.6999969482422,93.8000030517578,91.27838897705078,9661965
02/05/2024,98.0,103.0999984741211,97.0500030517578,100.3000030517578,97.60364532470705,39566947
03/05/2024,100.8000030517578,106.3000030517578,99.4499969482422,104.0999984741211,101.3014907836914,30743711
06/05/2024,104.3000030517578,112.4000015258789,103.5,108.6999969482422,105.77783203125,32063249
07/05/2024,110.4000015258789,112.0999984741211,108.0,110.5,107.5294418334961,23484081
08/05/2024,110.6999969482422,111.5999984741211,106.9000015258789,108.5,105.5832061767578,18571104
09/05/2024,109.0,110.3000030517578,107.8000030517578,108.5999984741211,105.6805191040039,13645803
10/05/2024,109.0,109.0,103.9000015258789,104.3000030517578,101.4961166381836,16130018
13/05/2024,104.5999984741211,106.0,102.1999969482422,103.3000030517578,100.52301025390624,14717986
14/05/2024,103.6999969482422,105.5,101.6999969482422,104.4000015258789,101.59342956542967,17484462
15/05/2024,104.5,104.9000015258789,101.3000030517578,101.3000030517578,98.57676696777344,9581694
16/05/2024,101.5999984741211,104.0,101.5,102.9000015258789,100.13375091552734,11161613
17/05/2024,103.8000030517578,106.1999969482422,103.5,105.0,102.17729949951172,13984719
20/05/2024,105.1999969482422,106.8000030517578,103.8000030517578,104.0999984741211,101.3014907836914,11971045
21/05/2024,104.5,104.9000015258789,101.5999984741211,102.5,99.7445068359375,16206128
22/05/2024,105.4000015258789,107.8000030517578,105.1999969482422,105.1999969482422,102.37191772460938,25972967
23/05/2024,110.0,110.8000030517578,107.1999969482422,109.0,106.06977081298828,26499626
24/05/2024,109.0999984741211,109.1999969482422,106.1999969482422,107.3000030517578,104.41547393798828,15679667
27/05/2024,107.3000030517578,108.0999984741211,103.5999984741211,103.9000015258789,101.10687255859376,12277168
28/05/2024,103.9000015258789,104.9000015258789,102.3000030517578,102.8000030517578,100.03644561767578,10107107
29/05/2024,103.0999984741211,103.4000015258789,99.8000030517578,100.0,97.31171417236328,10340672
30/05/2024,100.3000030517578,100.8000030517578,98.75,99.1999969482422,96.53321838378906,13224441
31/05/2024,99.3000030517578,101.8000030517578,97.1999969482422,98.8000030517578,96.14397430419922,12983629
03/06/2024,99.9499969482422,100.3000030517578,97.5500030517578,98.5,95.85203552246094,14586292
04/06/2024,98.3000030517578,99.3000030517578,97.8000030517578,98.0,95.365478515625,13796496
05/06/2024,98.0500030517578,100.9000015258789,97.6500015258789,99.9499969482422,97.26305389404295,18742086
06/06/2024,99.9499969482422,102.4000015258789,98.3499984741211,98.8499984741211,96.192626953125,13861038
07/06/2024,99.0,99.5,96.6500015258789,96.75,94.14908599853516,6875861
10/06/2024,96.6999969482422,97.0999984741211,94.4000015258789,95.1999969482422,92.6407470703125,10138666
11/06/2024,95.0,95.5500030517578,93.0999984741211,93.0999984741211,90.59720611572266,9278950
12/06/2024,92.9000015258789,94.4499969482422,90.8000030517578,92.0,89.52677154541016,13932133
13/06/2024,92.5999984741211,94.1500015258789,91.75,92.1500015258789,89.6727523803711,13224245
14/06/2024,92.6999969482422,94.5999984741211,92.1999969482422,94.0,91.47301483154295,13226856
20/06/2024,94.75,96.5500030517578,93.6999969482422,95.0,92.44612884521484,12900808
21/06/2024,95.1999969482422,104.5,94.3000030517578,103.0,100.23106384277344,33570210
24/06/2024,103.0,106.0,99.9000015258789,100.5999984741211,97.89558410644533,29976645
25/06/2024,100.4000015258789,104.5,99.1999969482422,103.8000030517578,101.00955963134766,22168432
26/06/2024,106.0,107.5999984741211,95.8000030517578,95.8000030517578,93.22462463378906,44546016
27/06/2024,95.4499969482422,98.4499969482422,94.0500030517578,95.0,92.44612884521484,18709451
28/06/2024,95.1999969482422,96.8000030517578,94.0,95.25,92.6894073486328,50684104
01/07/2024,95.4000015258789,95.9000015258789,89.8499984741211,91.1999969482422,88.74828338623047,10499701
02/07/2024,91.0999984741211,92.0500030517578,89.5999984741211,91.5999984741211,89.13752746582031,6883249
03/07/2024,91.8000030517578,92.5,89.80000305175781,90.3499984741211,87.92112731933594,8497453
04/07/2024,90.3499984741211,91.9000015258789,90.1999969482422,91.4000015258789,88.94290924072266,9814197
05/07/2024,91.5,92.3000030517578,90.4000015258789,91.0999984741211,88.65097045898438,7645707
08/07/2024,91.3000030517578,92.0500030517578,90.5500030517578,91.6500015258789,89.18618774414062,8318934
09/07/2024,91.6500015258789,94.0,91.5,92.0500030517578,89.575439453125,11247725
10/07/2024,92.8000030517578,93.4000015258789,90.8000030517578,91.3499984741211,88.89424896240234,8933042
11/07/2024,91.6500015258789,95.6999969482422,91.1999969482422,94.0500030517578,91.52166748046876,20096377
12/07/2024,94.0999984741211,94.5,93.0500030517578,94.5,91.95956420898438,10663641
16/07/2024,94.5,94.9499969482422,93.25,93.4000015258789,90.8891372680664,6773750
17/07/2024,93.4000015258789,94.6500015258789,93.0,93.6500015258789,91.1324234008789,7589937
18/07/2024,93.8499984741211,95.5,93.8000030517578,94.5,91.95956420898438,11824761
19/07/2024,94.5,97.25,93.0999984741211,96.0999984741211,93.5165557861328,17682788
22/07/2024,96.4000015258789,96.9499969482422,94.4000015258789,94.9499969482422,92.39747619628906,11101578
23/07/2024,94.6999969482422,96.6500015258789,94.0,95.4000015258789,92.83538055419922,16570739
24/07/2024,95.1999969482422,98.6500015258789,94.8499984741211,96.0,93.41924285888672,22569344
25/07/2024,96.0,99.5500030517578,95.5500030517578,97.8499984741211,95.21951293945312,16843341
26/07/2024,97.75,99.6999969482422,97.0500030517578,98.3000030517578,95.65741729736328,12391897
29/07/2024,97.9499969482422,102.0,96.0,99.0500030517578,96.38726043701172,18838740
30/07/2024,99.1500015258789,101.8000030517578,97.0,97.0,94.39236450195312,16569676
31/07/2024,95.9499969482422,96.4000015258789,91.9000015258789,92.8499984741211,91.60090637207033,13197113
01/08/2024,93.5,95.4000015258789,93.4000015258789,94.0999984741211,92.83409118652344,12546105
02/08/2024,92.6999969482422,93.3499984741211,90.8000030517578,91.4000015258789,90.17041778564452,9163223
05/08/2024,84.1500015258789,88.1500015258789,82.80000305175781,85.0,83.85651397705078,18514202
06/08/2024,87.0,88.55000305175781,83.44999694824219,84.0,82.86996459960938,12438455
07/08/2024,84.4000015258789,84.5,82.44999694824219,83.5999984741211,82.47534942626953,10821189
08/08/2024,83.69999694824219,85.19999694824219,83.0999984741211,83.69999694824219,82.5739974975586,10322115
09/08/2024,84.0,84.6500015258789,80.19999694824219,80.25,79.17041778564453,10756487
12/08/2024,80.4000015258789,80.6500015258789,76.4000015258789,76.94999694824219,75.91481018066406,16061469
13/08/2024,76.94999694824219,77.55000305175781,73.69999694824219,75.1500015258789,74.13902282714844,17455116
14/08/2024,75.44999694824219,77.0999984741211,73.94999694824219,74.0,73.0044937133789,14376475
15/08/2024,74.05000305175781,75.05000305175781,72.8499984741211,74.80000305175781,73.79373931884766,15464259
16/08/2024,75.30000305175781,75.6500015258789,73.0999984741211,73.30000305175781,72.31391143798828,15241261
19/08/2024,73.3499984741211,77.8499984741211,72.3499984741211,76.4000015258789,75.37220764160156,27801762
20/08/2024,76.30000305175781,78.0,75.19999694824219,76.3499984741211,75.3228759765625,16384081
21/08/2024,76.05000305175781,77.0999984741211,74.5,74.75,73.7444076538086,8608621
22/08/2024,75.19999694824219,76.19999694824219,74.0999984741211,74.19999694824219,73.2018051147461,8196865
23/08/2024,74.25,74.6500015258789,72.19999694824219,72.19999694824219,71.22870635986328,9959084
26/08/2024,72.5999984741211,73.30000305175781,70.9000015258789,71.0999984741211,70.14350891113281,11145835
27/08/2024,73.0,76.0,72.44999694824219,74.94999694824219,73.94171142578125,29658846
28/08/2024,75.0,76.4000015258789,73.1500015258789,74.05000305175781,73.05382537841797,15463759
29/08/2024,74.1500015258789,75.5,73.19999694824219,75.5,74.48431396484375,14796275
02/09/2024,75.5999984741211,78.0,75.5999984741211,78.0,76.95068359375,16807241
03/09/2024,78.0,81.80000305175781,78.0,79.30000305175781,78.23320007324219,22291684
04/09/2024,78.0999984741211,78.6500015258789,76.75,77.3499984741211,76.3094253540039,11048219
05/09/2024,77.55000305175781,79.75,76.5,78.80000305175781,77.73992156982422,19290245
06/09/2024,79.0,83.9000015258789,78.1500015258789,82.30000305175781,81.19284057617188,31699085
09/09/2024,82.1500015258789,85.5,81.3499984741211,83.5,82.37669372558594,23495195
10/09/2024,83.4000015258789,83.9000015258789,79.80000305175781,80.1500015258789,79.07176208496094,15007528
11/09/2024,79.94999694824219,80.5999984741211,78.94999694824219,79.8499984741211,78.77579498291016,17167255
12/09/2024,80.05000305175781,80.8499984741211,76.80000305175781,78.30000305175781,77.24665069580078,12515196
13/09/2024,78.3499984741211,79.1500015258789,77.30000305175781,79.1500015258789,78.08521270751953,9202251
16/09/2024,79.1500015258789,80.3499984741211,78.05000305175781,78.19999694824219,77.14798736572266,8438954
17/09/2024,78.44999694824219,81.0,77.94999694824219,80.19999694824219,79.12108612060547,10137511
18/09/2024,80.19999694824219,81.4000015258789,79.44999694824219,81.1500015258789,80.05831146240234,9905742
19/09/2024,81.55000305175781,82.0999984741211,81.0,81.75,80.65023803710938,10359096
20/09/2024,81.8499984741211,83.44999694824219,81.4000015258789,83.44999694824219,82.32736206054688,13434516
23/09/2024,83.6500015258789,84.25,81.44999694824219,81.5999984741211,80.50225067138672,7601167
24/09/2024,81.6500015258789,82.0,79.80000305175781,80.9000015258789,79.81167602539062,9137754
25/09/2024,80.8499984741211,82.8499984741211,80.0,80.0,78.92378234863281,12269710
26/09/2024,80.25,80.94999694824219,77.19999694824219,77.19999694824219,76.16144561767578,10597947
27/09/2024,77.19999694824219,79.25,76.69999694824219,78.05000305175781,77.00001525878906,10007226
30/09/2024,78.0,79.3499984741211,77.1500015258789,77.94999694824219,76.90135192871094,8118353
01/10/2024,78.0,78.30000305175781,72.9000015258789,73.6500015258789,72.6592025756836,9262562
02/10/2024,73.30000305175781,73.94999694824219,71.1500015258789,71.1500015258789,70.19284057617188,6792852
03/10/2024,71.19999694824219,73.25,70.80000305175781,71.1500015258789,70.19284057617188,8631502
04/10/2024,71.94999694824219,72.1500015258789,70.0,71.75,70.7847671508789,8601875
07/10/2024,72.0,73.5,70.80000305175781,71.6500015258789,70.68611145019531,10133007
08/10/2024,71.5,72.1500015258789,70.4000015258789,70.69999694824219,69.74888610839844,7002342
09/10/2024,70.69999694824219,70.94999694824219,68.30000305175781,69.75,68.8116683959961,10175966
10/10/2024,69.8499984741211,71.75,68.5999984741211,68.94999694824219,68.02243041992188,9525508
11/10/2024,68.94999694824219,69.25,66.75,66.80000305175781,65.90135955810547,7028521
14/10/2024,66.80000305175781,67.3499984741211,65.25,65.25,64.37220764160156,6898054
15/10/2024,65.25,68.0,65.1500015258789,67.5999984741211,66.69058990478516,9584532
16/10/2024,67.0,69.5999984741211,66.6500015258789,69.5999984741211,68.66368865966797,8322440
17/10/2024,69.1500015258789,69.8499984741211,68.55000305175781,69.44999694824219,68.51570129394531,6460074
18/10/2024,69.30000305175781,70.75,67.55000305175781,67.8499984741211,66.93722534179688,6528891
21/10/2024,67.9000015258789,68.55000305175781,67.30000305175781,67.5999984741211,66.69058990478516,5419830
22/10/2024,67.5999984741211,73.5,67.5999984741211,71.4000015258789,70.4394760131836,36006468
23/10/2024,71.5,74.9000015258789,70.75,72.75,71.77130889892578,24550957
24/10/2024,73.30000305175781,74.94999694824219,73.30000305175781,73.55000305175781,72.56055450439453,11961931
25/10/2024,73.69999694824219,77.94999694824219,73.30000305175781,77.4000015258789,76.35875701904297,14286201
28/10/2024,77.0,80.80000305175781,76.5,79.5999984741211,78.52915954589844,8731652
30/10/2024,79.6500015258789,81.4000015258789,78.94999694824219,79.19999694824219,78.13453674316406,13251495
31/10/2024,79.94999694824219,81.3499984741211,77.25,78.0,76.95068359375,15043561
01/11/2024,78.3499984741211,82.6500015258789,77.8499984741211,81.0999984741211,80.00897979736328,21603586
04/11/2024,80.69999694824219,82.0,78.8499984741211,81.5,80.40360260009766,18256285
05/11/2024,81.8499984741211,82.1500015258789,79.6500015258789,81.25,80.1569595336914,10048449
06/11/2024,81.5999984741211,89.3499984741211,81.55000305175781,87.5,86.32288360595703,37769460
07/11/2024,87.5,91.9499969482422,86.5999984741211,88.75,87.55606842041016,29327616
08/11/2024,88.80000305175781,92.4000015258789,88.19999694824219,91.5,90.26907348632812,20976117
11/11/2024,91.4000015258789,95.4000015258789,91.3000030517578,93.0500030517578,91.79822540283205,21012693
12/11/2024,92.5500030517578,92.9499969482422,90.5500030517578,91.6500015258789,90.41705322265624,10848641
13/11/2024,91.3000030517578,93.1500015258789,89.94999694824219,92.5999984741211,91.3542709350586,13810909
14/11/2024,92.9000015258789,97.25,92.8499984741211,97.1500015258789,95.8430633544922,19612479
15/11/2024,97.3000030517578,97.6999969482422,94.5999984741211,94.9000015258789,93.6233367919922,12907283
18/11/2024,95.1999969482422,96.75,93.5500030517578,94.5999984741211,93.3273696899414,11364815
19/11/2024,94.8000030517578,96.4000015258789,92.4499969482422,95.5500030517578,94.26458740234376,14110351
20/11/2024,96.0,97.3499984741211,94.5999984741211,95.6500015258789,94.36324310302734,14128343
21/11/2024,96.0,98.4000015258789,94.8000030517578,97.75,96.43498992919922,14413555
22/11/2024,97.75,98.5500030517578,95.3000030517578,96.5500030517578,95.25113677978516,10492575
25/11/2024,98.5,99.4000015258789,95.8499984741211,98.6500015258789,97.32288360595705,18172965
26/11/2024,99.5,101.8000030517578,98.6500015258789,99.8499984741211,98.5067367553711,13617583
27/11/2024,100.4000015258789,100.9000015258789,95.3000030517578,95.3000030517578,94.01795196533205,10273907
28/11/2024,94.5,94.8000030517578,91.5999984741211,91.5999984741211,90.3677215576172,11318352
29/11/2024,91.5999984741211,95.5500030517578,91.5500030517578,94.6999969482422,93.42601776123048,13479595
02/12/2024,94.0,94.5,92.4000015258789,93.5999984741211,92.3408203125,7035825
03/12/2024,93.6500015258789,97.0999984741211,92.5999984741211,94.5999984741211,93.3273696899414,11845250
04/12/2024,94.9499969482422,95.5500030517578,93.8499984741211,93.9000015258789,92.63678741455078,6602326
05/12/2024,93.9499969482422,94.3499984741211,91.9499969482422,92.5,91.255615234375,9299219
06/12/2024,93.0500030517578,93.6999969482422,92.3000030517578,92.9000015258789,91.65023803710938,6610116
09/12/2024,93.5999984741211,102.0,93.5999984741211,101.0999984741211,99.73992156982422,26744072
10/12/2024,101.0999984741211,102.3000030517578,98.5,100.6999969482422,99.34530639648438,15019334
11/12/2024,101.8000030517578,101.9000015258789,98.3499984741211,99.8499984741211,98.5067367553711,9901354
12/12/2024,99.8499984741211,104.8000030517578,99.6500015258789,103.5999984741211,102.20629119873048,15625820
13/12/2024,105.5,109.1999969482422,103.8000030517578,107.1999969482422,105.7578582763672,23550896
16/12/2024,107.1999969482422,110.0,105.0,105.0,103.58745574951172,12527792
17/12/2024,105.0,106.3000030517578,103.1999969482422,104.9000015258789,103.48880767822266,8735540
18/12/2024,104.5999984741211,105.5,102.6999969482422,103.0,101.61436462402344,8294778
19/12/2024,102.0,104.9000015258789,101.5,103.5999984741211,102.20629119873048,8848837
20/12/2024,103.5999984741211,107.0,101.1999969482422,107.0,105.56055450439452,12920408
23/12/2024,107.0,110.0999984741211,105.6999969482422,107.0999984741211,105.65921020507812,14485781
24/12/2024,106.5,109.8000030517578,104.5,106.5,105.0672836303711,14317725
25/12/2024,107.4000015258789,111.8000030517578,106.9000015258789,111.4000015258789,109.90135955810548,12196223
26/12/2024,111.5999984741211,112.6999969482422,109.0,112.5,110.98656463623048,13612532
27/12/2024,112.5,115.9000015258789,112.0,115.3000030517578,113.7489013671875,13378289
30/12/2024,115.3000030517578,116.3000030517578,114.3000030517578,115.5999984741211,114.04486083984376,10333030
31/12/2024,115.5999984741211,116.1999969482422,113.4000015258789,113.9000015258789,112.36772918701172,9996584
02/01/2025,113.9000015258789,119.4000015258789,113.0,119.4000015258789,117.79373931884766,14983081
03/01/2025,119.4000015258789,121.5999984741211,118.0,120.5999984741211,118.97759246826172,14141175
06/01/2025,120.5999984741211,123.6999969482422,119.4000015258789,122.9000015258789,121.24665832519533,12421104
07/01/2025,122.5,123.0,119.3000030517578,119.5,117.89239501953124,12201718
08/01/2025,119.0,119.4000015258789,116.4000015258789,118.5999984741211,117.00450134277344,15900156
09/01/2025,118.9000015258789,121.3000030517578,117.8000030517578,119.4000015258789,117.79373931884766,13701215
10/01/2025,119.5,121.8000030517578,118.6999969482422,121.0,119.3722152709961,11444998
13/01/2025,121.0,123.0999984741211,120.3000030517578,121.3000030517578,119.66818237304688,12551987
14/01/2025,121.3000030517578,122.8000030517578,120.0,120.5,118.87894439697266,17425516
15/01/2025,120.5999984741211,123.3000030517578,119.5999984741211,122.8000030517578,121.14800262451172,14243333
16/01/2025,123.6999969482422,125.0,122.4000015258789,122.5,120.85203552246094,13710297
17/01/2025,122.5999984741211,124.3000030517578,121.6999969482422,123.0,121.34530639648438,8775006
20/01/2025,123.0,125.0,122.5999984741211,124.5,122.82512664794922,10488231
21/01/2025,124.4000015258789,125.0,121.5999984741211,122.0,120.3587646484375,12187175
22/01/2025,122.0,123.8000030517578,120.6999969482422,123.4000015258789,121.73992919921876,8384286
23/01/2025,123.4000015258789,124.5,122.8000030517578,123.9000015258789,122.2332000732422,10455609
24/01/2025,123.8000030517578,129.0,123.8000030517578,128.0,126.27804565429688,13897304
27/01/2025,127.8000030517578,130.60000610351562,126.9000015258789,128.0,126.27804565429688,14444937
28/01/2025,128.0,129.1999969482422,126.5,126.8000030517578,125.0941925048828,9611938
29/01/2025,126.8000030517578,127.0,125.0,125.0,123.3184051513672,8630295
30/01/2025,125.0,127.1999969482422,122.0999984741211,122.3000030517578,120.65473175048828,8608113
31/01/2025,122.3000030517578,123.0,116.9000015258789,117.5999984741211,116.01795196533205,20216835
03/02/2025,116.5,122.1999969482422,115.1999969482422,120.4000015258789,118.78028869628906,15198093
04/02/2025,120.4000015258789,121.6999969482422,117.6999969482422,119.4000015258789,117.79373931884766,10779602
05/02/2025,119.4000015258789,120.3000030517578,116.4000015258789,119.4000015258789,117.79373931884766,9474384
06/02/2025,119.3000030517578,121.9000015258789,118.3000030517578,120.0,118.38566589355467,10258626
07/02/2025,119.8000030517578,122.1999969482422,119.3000030517578,120.8000030517578,119.17491149902344,10179458
10/02/2025,120.5,121.5,116.8000030517578,118.6999969482422,117.10315704345705,11396530
11/02/2025,118.0999984741211,121.1999969482422,115.3000030517578,115.5,113.94620513916016,13050283
12/02/2025,115.8000030517578,116.4000015258789,109.0999984741211,109.0999984741211,107.6323013305664,14749701
13/02/2025,109.5,110.8000030517578,105.3000030517578,107.0999984741211,105.65921020507812,23797713
14/02/2025,108.0,109.1999969482422,105.4000015258789,107.9000015258789,106.44844818115234,14718024
17/02/2025,108.1999969482422,108.8000030517578,105.5999984741211,105.5999984741211,104.17938995361328,9572671
18/02/2025,105.5999984741211,114.6999969482422,104.0,113.5,111.97311401367188,22996697
19/02/2025,113.1999969482422,117.4000015258789,112.0,113.9000015258789,112.36772918701172,36571374
20/02/2025,114.1999969482422,115.4000015258789,108.0,108.0,106.54710388183594,19500869
21/02/2025,108.0999984741211,108.8000030517578,105.1999969482422,107.6999969482422,106.25113677978516,15712908
24/02/2025,108.3000030517578,109.8000030517578,107.4000015258789,108.5,107.04037475585938,7827173
25/02/2025,107.5999984741211,108.5999984741211,105.3000030517578,106.1999969482422,104.77131652832033,10217362
26/02/2025,106.0,106.8000030517578,103.6999969482422,104.0,102.60091400146484,9578636
27/02/2025,103.9000015258789,110.9000015258789,103.5999984741211,109.9000015258789,108.42153930664062,16797597
28/02/2025,109.9000015258789,111.3000030517578,107.5999984741211,109.3000030517578,107.8296127319336,14083984
03/03/2025,109.4000015258789,114.8000030517578,109.4000015258789,111.8000030517578,110.29598236083984,12377401
04/03/2025,107.5,107.8000030517578,104.4000015258789,105.5,104.08073425292967,21050319
05/03/2025,106.4000015258789,107.0,105.0,105.5,104.08073425292967,12585070
06/03/2025,106.0,110.6999969482422,106.0,110.5,109.01346588134766,22904371
07/03/2025,111.5,116.1999969482422,109.9000015258789,115.0,113.45293426513672,17914142
10/03/2025,115.5,116.8000030517578,113.5999984741211,114.0,112.46638488769533,12027841
11/03/2025,114.0,115.0999984741211,112.1999969482422,112.1999969482422,110.69059753417967,13115581
12/03/2025,113.4000015258789,116.1999969482422,111.6999969482422,115.8000030517578,114.24217224121094,14659681
13/03/2025,115.9000015258789,117.1999969482422,113.3000030517578,115.8000030517578,114.24217224121094,24990093
14/03/2025,116.6999969482422,119.1999969482422,116.1999969482422,118.4000015258789,116.80718994140624,17832592
17/03/2025,116.0,123.6999969482422,115.3000030517578,121.9000015258789,120.2601089477539,23733460
18/03/2025,121.8000030517578,122.0999984741211,117.4000015258789,118.0,116.4125747680664,14296685
19/03/2025,110.3000030517578,113.0,106.1999969482422,106.1999969482422,104.77131652832033,15604718
20/03/2025,106.0999984741211,110.8000030517578,104.0,105.1999969482422,103.7847671508789,19488714
21/03/2025,104.0,104.6999969482422,94.6999969482422,94.6999969482422,93.42601776123048,16376047
24/03/2025,94.6999969482422,100.0,93.5,97.3499984741211,96.04037475585938,19881453
25/03/2025,99.1999969482422,106.0999984741211,98.5,105.6999969482422,104.27803802490234,17854287
26/03/2025,104.6999969482422,112.8000030517578,103.3000030517578,111.0,109.50674438476562,19094621
27/03/2025,112.0,114.5999984741211,109.1999969482422,109.1999969482422,107.73095703125,14286930
28/03/2025,109.0,114.5,106.4000015258789,113.5999984741211,112.07176208496094,16295879
02/04/2025,112.5999984741211,115.0,110.0999984741211,110.1999969482422,108.71749877929688,12579946
03/04/2025,110.0,112.3000030517578,107.5,108.1999969482422,106.7444076538086,8574657
04/04/2025,107.8000030517578,108.9000015258789,105.5999984741211,105.5999984741211,104.17938995361328,7911390
07/04/2025,102.0,108.9000015258789,101.4000015258789,106.5999984741211,105.16593170166016,13946417
08/04/2025,108.5,108.8000030517578,105.8000030517578,106.0,104.57400512695312,7828205
09/04/2025,105.0,106.0999984741211,102.4000015258789,102.5999984741211,101.21974182128906,12045289
10/04/2025,107.8000030517578,108.6999969482422,105.0,105.0,103.58745574951172,14012098
11/04/2025,105.9000015258789,106.0999984741211,103.6999969482422,105.5,104.08073425292967,10201256
14/04/2025,106.0,106.6999969482422,103.9000015258789,104.3000030517578,102.89688110351562,7933477
15/04/2025,104.1999969482422,105.0999984741211,101.8000030517578,102.9000015258789,101.51570892333984,8371251
16/04/2025,102.3000030517578,103.5999984741211,98.5500030517578,98.9000015258789,97.56951904296876,11065395
17/04/2025,98.9000015258789,102.5999984741211,98.9000015258789,100.3000030517578,98.95069122314452,11495487
18/04/2025,100.4000015258789,100.8000030517578,98.4499969482422,99.5,98.16145324707033,12428608
21/04/2025,99.5,100.0,96.5,96.8000030517578,95.49777221679688,11035042
22/04/2025,97.1999969482422,97.5999984741211,95.4000015258789,96.4499969482422,95.15248107910156,8471001
24/04/2025,96.1500015258789,102.1999969482422,95.5500030517578,101.5999984741211,100.2332000732422,20610991
25/04/2025,102.0,103.5999984741211,100.4000015258789,101.4000015258789,100.035888671875,10524923
28/04/2025,101.9000015258789,103.6999969482422,99.9000015258789,101.0,99.64127349853516,14104467
29/04/2025,101.0,102.8000030517578,100.5,101.3000030517578,99.93724060058594,7656557
30/04/2025,101.1999969482422,101.8000030517578,98.3000030517578,100.5,99.1479949951172,8259386
02/05/2025,99.3499984741211,100.0,96.9000015258789,96.9000015258789,95.59642791748048,11510392
05/05/2025,97.3499984741211,98.1500015258789,94.0,94.0500030517578,92.7847671508789,8911657
06/05/2025,94.0,96.4499969482422,93.8000030517578,95.0,93.72198486328124,9198717
07/05/2025,94.5,95.9499969482422,92.0500030517578,92.3499984741211,91.10763549804688,11824572
08/05/2025,92.5,93.5500030517578,91.5500030517578,92.9000015258789,91.65023803710938,5257384
09/05/2025,93.5,99.5,93.4499969482422,98.0,96.68162536621094,15859385
12/05/2025,100.1999969482422,107.6999969482422,100.1999969482422,106.9000015258789,105.46189880371094,17838418
13/05/2025,106.8000030517578,107.9000015258789,104.5999984741211,106.3000030517578,104.8699722290039,10526758
14/05/2025,105.6999969482422,108.0999984741211,102.6999969482422,105.5,104.08073425292967,15184580
15/05/2025,105.9000015258789,106.3000030517578,100.6999969482422,100.6999969482422,99.34530639648438,8468482
16/05/2025,100.6999969482422,104.0,100.0999984741211,102.0,100.62781524658205,11068740
20/05/2025,102.0999984741211,102.4000015258789,97.8499984741211,97.8499984741211,96.5336456298828,10524306
21/05/2025,98.1999969482422,98.4499969482422,94.8499984741211,94.8499984741211,93.57400512695312,9446887
22/05/2025,95.4000015258789,96.8499984741211,94.5999984741211,95.8000030517578,94.51123046875,10086451
23/05/2025,96.3000030517578,96.3499984741211,93.9000015258789,94.0999984741211,92.83409118652344,8291231
26/05/2025,95.1999969482422,95.75,93.75,94.6500015258789,93.37669372558594,6489734
27/05/2025,94.5,95.4000015258789,91.75,92.1999969482422,90.95964813232422,6469159
28/05/2025,92.4499969482422,94.25,92.4000015258789,93.6999969482422,92.4394760131836,9137068
29/05/2025,94.5,95.0500030517578,93.0,94.0,92.73544311523438,5666893
30/05/2025,93.5500030517578,95.1999969482422,92.1999969482422,93.5500030517578,92.29149627685548,8283189
02/06/2025,93.5500030517578,93.6999969482422,91.5999984741211,92.4000015258789,91.15696716308594,5552368
03/06/2025,92.8499984741211,97.1999969482422,92.8499984741211,95.4499969482422,94.16593170166016,11193709
04/06/2025,95.0999984741211,96.25,94.4000015258789,95.9000015258789,94.60987854003906,7455002
05/06/2025,95.9000015258789,95.9499969482422,94.75,95.5,94.21526336669922,2424680
10/06/2025,95.5999984741211,96.5500030517578,95.1500015258789,95.75,94.46189880371094,7783799
11/06/2025,95.8000030517578,98.75,95.1999969482422,97.4000015258789,96.0896987915039,11559374
12/06/2025,96.0,96.1500015258789,93.75,94.0999984741211,92.83409118652344,7376390
13/06/2025,88.80000305175781,92.4499969482422,87.5999984741211,92.4000015258789,91.15696716308594,10065521
16/06/2025,92.4000015258789,92.6500015258789,90.25,91.3499984741211,90.12108612060548,9059213
17/06/2025,91.3499984741211,92.6999969482422,90.1999969482422,90.1999969482422,88.98655700683594,8588701
18/06/2025,90.0999984741211,90.1500015258789,86.1500015258789,86.5,85.33633422851562,10241087
19/06/2025,86.94999694824219,87.75,83.80000305175781,83.9000015258789,82.77131652832031,11226942
20/06/2025,85.05000305175781,87.30000305175781,84.25,84.8499984741211,83.70853424072266,10479345
23/06/2025,84.3499984741211,84.6500015258789,81.69999694824219,81.8499984741211,80.74888610839844,10168190
24/06/2025,86.0,88.8499984741211,85.0,88.5,87.30943298339844,12935408
25/06/2025,88.5,90.5,87.3499984741211,89.0999984741211,87.90135955810547,10353221
26/06/2025,89.3499984741211,89.80000305175781,87.19999694824219,87.44999694824219,86.27355194091797,5340593
27/06/2025,87.4000015258789,88.44999694824219,85.25,87.6500015258789,86.47086334228516,6899428
30/06/2025,87.75,93.1999969482422,87.25,92.9499969482422,91.6995620727539,14028319
01/07/2025,93.0,94.6500015258789,91.8499984741211,92.75,91.50225830078124,11093688
02/07/2025,93.3000030517578,95.25,92.4499969482422,93.0999984741211,91.84754943847656,12369070
03/07/2025,94.5,97.4000015258789,94.4000015258789,95.6500015258789,94.36324310302734,19921039
04/07/2025,96.0500030517578,96.4000015258789,94.0,94.1999969482422,92.93274688720705,10393550
07/07/2025,92.5,93.0500030517578,90.8000030517578,91.9499969482422,90.7130126953125,8591275
08/07/2025,92.6999969482422,93.5999984741211,90.8000030517578,91.1999969482422,89.97310638427734,13122909
09/07/2025,91.3499984741211,95.3000030517578,91.3499984741211,94.3499984741211,93.08072662353516,10982056
10/07/2025,95.0999984741211,96.3000030517578,94.0999984741211,94.4000015258789,93.13005828857422,10185229
11/07/2025,95.1999969482422,95.6999969482422,93.0500030517578,93.5500030517578,92.29149627685548,8464331
14/07/2025,93.5500030517578,94.1500015258789,92.1999969482422,92.3000030517578,91.05831146240234,5803926
16/07/2025,92.25,95.0999984741211,89.5,91.1500015258789,89.92378234863281,15482467
17/07/2025,91.75,93.75,91.5500030517578,93.4000015258789,92.14351654052734,8021787
18/07/2025,93.4000015258789,93.5500030517578,92.3000030517578,93.0,91.74889373779295,5958645
21/07/2025,93.4499969482422,98.4000015258789,93.4499969482422,97.25,95.94171905517578,16992890
22/07/2025,99.5,100.1999969482422,97.8000030517578,97.9000015258789,96.58297729492188,16810500
23/07/2025,98.0,99.3000030517578,97.0999984741211,97.6500015258789,96.33634185791016,8977612
24/07/2025,98.0,101.8000030517578,98.0,100.5,99.1479949951172,17813121
25/07/2025,101.0,103.5,99.4000015258789,102.5999984741211,101.21974182128906,15528863
28/07/2025,103.5,105.1999969482422,103.0,103.6999969482422,102.30494689941406,11718342
29/07/2025,103.9000015258789,104.4000015258789,101.9000015258789,103.0999984741211,101.71302032470705,8969291
30/07/2025,103.0999984741211,104.8000030517578,102.3000030517578,104.4000015258789,102.99552917480467,8892915
31/07/2025,105.3000030517578,106.5999984741211,103.9000015258789,104.5999984741211,103.19284057617188,10294984
01/08/2025,104.5999984741211,105.4000015258789,103.1999969482422,104.5,103.09418487548828,7582923
04/08/2025,105.5,106.5999984741211,104.0,104.5,103.09418487548828,10415211
05/08/2025,104.5,105.5,102.9000015258789,103.9000015258789,102.50225830078124,8064773
06/08/2025,104.1999969482422,105.4000015258789,102.3000030517578,105.0999984741211,103.68611145019533,8665616
07/08/2025,105.5,106.4000015258789,103.6999969482422,104.0999984741211,102.6995620727539,7578908
08/08/2025,104.0,106.8000030517578,103.4000015258789,106.6999969482422,105.26458740234376,10805558
11/08/2025,107.4000015258789,109.0,106.6999969482422,107.6999969482422,106.25113677978516,14164878
12/08/2025,109.4000015258789,109.8000030517578,107.8000030517578,108.0999984741211,106.645751953125,12224114
13/08/2025,111.0,115.3000030517578,111.0,112.6999969482422,111.18386840820312,19866091
14/08/2025,111.5,115.0,110.8000030517578,114.8000030517578,113.25562286376952,18349966
15/08/2025,114.0999984741211,115.1999969482422,111.5999984741211,112.4000015258789,110.88790893554688,9167783
18/08/2025,112.5,113.5999984741211,110.0,111.0,111.0,8322860
19/08/2025,111.0999984741211,117.5,109.5999984741211,116.5999984741211,116.5999984741211,19038046
20/08/2025,116.0,117.6999969482422,113.8000030517578,116.0999984741211,116.0999984741211,15518705
21/08/2025,117.5999984741211,119.0999984741211,116.6999969482422,117.8000030517578,117.8000030517578,12072744
22/08/2025,117.8000030517578,118.4000015258789,115.3000030517578,115.4000015258789,115.4000015258789,10144021
25/08/2025,116.5999984741211,117.5,115.8000030517578,115.9000015258789,115.9000015258789,8315660
26/08/2025,115.4000015258789,117.3000030517578,114.5999984741211,116.3000030517578,116.3000030517578,11013456
27/08/2025,116.3000030517578,116.8000030517578,111.9000015258789,112.4000015258789,112.4000015258789,7801424
28/08/2025,112.4000015258789,115.0999984741211,112.4000015258789,113.6999969482422,113.6999969482422,6981245
29/08/2025,115.9000015258789,118.3000030517578,115.8000030517578,118.0999984741211,118.0999984741211,16230586
01/09/2025,118.0999984741211,120.1999969482422,117.5,118.6999969482422,118.6999969482422,10781545
02/09/2025,118.6999969482422,119.0,109.1999969482422,112.0,112.0,14728457
03/09/2025,112.0,113.0,109.3000030517578,112.0999984741211,112.0999984741211,8901562
04/09/2025,112.3000030517578,118.5,111.3000030517578,117.9000015258789,117.9000015258789,15037903
05/09/2025,118.0,118.0,112.5,113.0,113.0,12088740
08/09/2025,110.0,111.5999984741211,108.5999984741211,110.6999969482422,110.6999969482422,8055811
09/09/2025,110.6999969482422,116.5999984741211,110.5,113.5999984741211,113.5999984741211,15712673
10/09/2025,114.4000015258789,115.1999969482422,112.0999984741211,115.0,115.0,6988041
11/09/2025,114.5999984741211,115.8000030517578,111.1999969482422,111.1999969482422,111.1999969482422,9492928
12/09/2025,111.1999969482422,118.1999969482422,110.6999969482422,116.5,116.5,16520079
15/09/2025,115.5,121.5999984741211,115.1999969482422,119.4000015258789,119.4000015258789,27353438
16/09/2025,120.1999969482422,121.0999984741211,116.5,118.5999984741211,118.5999984741211,26866800
17/09/2025,112.0,114.5,110.3000030517578,112.0,112.0,40646602
18/09/2025,112.6999969482422,113.6999969482422,109.5999984741211,110.0,110.0,134693227
19/09/2025,110.5999984741211,110.9000015258789,109.0,109.8000030517578,109.8000030517578,20227435
22/09/2025,111.0,111.0999984741211,107.3000030517578,107.5,107.5,24906431
23/09/2025,106.1999969482422,108.0999984741211,104.9000015258789,105.0,105.0,20722752
24/09/2025,105.5999984741211,107.9000015258789,103.6999969482422,105.1999969482422,105.1999969482422,22126344
25/09/2025,106.0,106.5999984741211,103.8000030517578,104.9000015258789,104.9000015258789,13035947
26/09/2025,105.4000015258789,106.0999984741211,101.4000015258789,102.0,102.0,14518937
29/09/2025,101.6999969482422,101.9000015258789,96.6500015258789,96.6500015258789,96.6500015258789,23196232
30/09/2025,96.8499984741211,98.4000015258789,96.0999984741211,97.5999984741211,97.5999984741211,26531089
01/10/2025,97.5999984741211,100.4000015258789,96.3000030517578,99.5500030517578,99.5500030517578,20520676
02/10/2025,99.6500015258789,99.9499969482422,96.0999984741211,96.4000015258789,96.4000015258789,14690695
03/10/2025,96.6999969482422,97.0,92.8000030517578,93.3000030517578,93.3000030517578,17269295
06/10/2025,93.5500030517578,94.0500030517578,91.8499984741211,92.0500030517578,92.0500030517578,12998932
07/10/2025,92.3000030517578,94.4499969482422,92.3000030517578,93.75,93.75,13471105
08/10/2025,93.75,94.1999969482422,91.8499984741211,91.9499969482422,91.9499969482422,11031807
09/10/2025,92.8499984741211,93.5999984741211,90.9499969482422,91.0500030517578,91.0500030517578,13165293
10/10/2025,91.3499984741211,92.6999969482422,90.9499969482422,91.8499984741211,91.8499984741211,12092951
13/10/2025,90.5500030517578,90.6999969482422,89.0,89.6500015258789,89.6500015258789,16468944
14/10/2025,89.9000015258789,91.3000030517578,88.19999694824219,88.5,88.5,16736627
15/10/2025,88.5999984741211,92.9499969482422,88.5999984741211,92.75,92.75,17076927
16/10/2025,92.6999969482422,93.75,91.75,92.9499969482422,92.9499969482422,11327624
17/10/2025,92.6999969482422,96.5,91.5500030517578,95.25,95.25,23934472
20/10/2025,96.9000015258789,97.75,95.0999984741211,97.5999984741211,97.5999984741211,20799516
21/10/2025,97.5999984741211,97.6999969482422,95.3000030517578,95.75,95.75,14629858
22/10/2025,96.0999984741211,97.0,94.1500015258789,94.1999969482422,94.1999969482422,14308511
23/10/2025,94.3499984741211,95.1500015258789,93.5,93.5500030517578,93.5500030517578,11096622
24/10/2025,94.0500030517578,98.3000030517578,94.0500030517578,96.1999969482422,96.1999969482422,23161715
27/10/2025,96.30000305175781,96.9000015258789,95.19999694824219,95.4000015258789,,9539137
28/10/2025,95.4000015258789,96.1500015258789,95.0999984741211,95.4000015258789,,5028866
29/10/2025,95.4000015258789,95.4000015258789,95.4000015258789,95.4000015258789,,0
30/10/2025,95.5,96.8499984741211,95.44999694824219,95.8499984741211,,11067203
31/10/2025,97.5999984741211,98.9000015258789,96.69999694824219,98.19999694824219,,18744779
03/11/2025,98.69999694824219,101.19999694824219,98.6500015258789,100.19999694824219,,17875234
04/11/2025,100.19999694824219,100.5999984741211,98.6500015258789,99.19999694824219,,12760005
05/11/2025,99.6500015258789,101.5999984741211,98.75,100.0,,17992323
06/11/2025,100.5,102.5,100.4000015258789,101.80000305175781,,12678128
07/11/2025,101.9000015258789,102.0,96.0999984741211,97.0999984741211,,16121938
10/11/2025,97.4000015258789,98.25,92.9000015258789,92.94999694824219,,17149979
11/11/2025,93.94999694824219,95.30000305175781,90.0,92.3499984741211,,32258097
12/11/2025,92.8499984741211,93.4000015258789,91.5,91.94999694824219,,9817475
13/11/2025,92.4000015258789,93.5,90.80000305175781,93.5,,14916108
14/11/2025,92.80000305175781,92.9000015258789,89.75,90.30000305175781,,12749439
17/11/2025,90.69999694824219,93.19999694824219,90.1500015258789,92.30000305175781,,18720592
18/11/2025,92.0,93.19999694824219,91.0,93.19999694824219,,14181952
19/11/2025,93.30000305175781,94.25,92.9000015258789,93.69999694824219,,13421575
20/11/2025,94.1500015258789,95.5999984741211,93.4000015258789,94.0,,11842278
21/11/2025,93.69999694824219,93.69999694824219,92.0,93.0999984741211,,11308472
24/11/2025,92.5999984741211,93.05000305175781,91.80000305175781,91.80000305175781,,16097041
25/11/2025,92.0,94.94999694824219,90.5999984741211,92.30000305175781,,24179680
26/11/2025,92.5,94.6500015258789,91.8499984741211,92.9000015258789,,16417099
27/11/2025,93.19999694824219,93.94999694824219,91.5999984741211,91.75,,13171069
28/11/2025,91.75,92.0999984741211,90.5999984741211,90.5999984741211,,11706992
01/12/2025,90.5999984741211,96.05000305175781,90.5999984741211,95.0999984741211,,31792348
02/12/2025,95.9000015258789,99.0,95.4000015258789,97.94999694824219,,43444227
03/12/2025,98.05000305175781,99.30000305175781,96.80000305175781,98.5,,32652218
04/12/2025,98.5,99.4000015258789,97.44999694824219,98.0999984741211,,27911486
05/12/2025,98.5,100.30000305175781,98.05000305175781,99.3499984741211,,30033387
08/12/2025,100.0,104.5,99.19999694824219,104.30000305175781,,38954291
09/12/2025,104.30000305175781,104.4000015258789,101.9000015258789,102.0,,21316940
10/12/2025,102.30000305175781,103.0,100.19999694824219,100.5,,17271159
11/12/2025,101.0999984741211,106.5,101.0,103.0,,30354680
12/12/2025,103.5,104.5999984741211,102.5,104.30000305175781,,26101712
15/12/2025,105.19999694824219,114.69999694824219,104.9000015258789,111.5,,80501554
16/12/2025,111.5999984741211,112.80000305175781,108.69999694824219,111.0,,22919389
17/12/2025,110.80000305175781,113.4000015258789,107.19999694824219,107.9000015258789,,30930928
18/12/2025,108.69999694824219,111.4000015258789,107.69999694824219,110.9000015258789,,31143055
19/12/2025,111.4000015258789,111.5999984741211,108.9000015258789,111.0,,22746728
