Symbol,Listed_Date,Delisted_Date,Status,Source,Sector,Sector_Index,Note
A1CAP,2023-06-19,,Active,yfinance_refetch_2026-06-02,Financial Services,,
A1YEN,2021-07-16,,Active,yfinance_refetch_2026-06-02,Utilities,,
ACSEL,2015-01-01,,Active,yfinance_refetch_2026-06-02,Basic Materials,,
ADEL,2015-01-01,,Active,yfinance_refetch_2026-06-02,Industrials,,
ADESE,2015-01-01,,Active,yfinance_refetch_2026-06-02,Real Estate,,
ADGYO,2024-03-21,,Active,yfinance_refetch_2026-06-02,Real Estate,,
AEFES,2015-01-01,,Active,yfinance_refetch_2026-06-02,Consumer Defensive,,
AFYON,2015-01-01,,Active,yfinance_refetch_2026-06-02,Basic Materials,,
AGESA,2015-01-01,,Active,yfinance_refetch_2026-06-02,Financial Services,,
AGHOL,2015-01-01,,Active,yfinance_refetch_2026-06-02,Industrials,,
AGROT,2023-11-23,,Active,yfinance_refetch_2026-06-02,Industrials,,
AGYO,2015-01-01,,Active,yfinance_refetch_2026-06-02,Real Estate,,
AHGAZ,2022-12-26,,Active,yfinance_refetch_2026-06-02,Utilities,,
AHSGY,2024-08-29,,Active,yfinance_refetch_2026-06-02,Real Estate,,
AKBNK,2015-01-01,,Active,yfinance_refetch_2026-06-02,Financial Services,XBANK,Auto-populated from AKBNK.csv first trading date
AKCNS,2015-01-01,,Active,yfinance_refetch_2026-06-02,Basic Materials,,
AKENR,2015-01-01,,Active,yfinance_refetch_2026-06-02,Utilities,,
AKFGY,2015-01-01,,Active,yfinance_refetch_2026-06-02,Real Estate,,
AKFIS,2025-02-04,,Active,yfinance_refetch_2026-06-02,Real Estate,,
AKFYE,2023-03-16,,Active,yfinance_refetch_2026-06-02,Utilities,,
AKGRT,2015-01-01,,Active,yfinance_refetch_2026-06-02,Financial Services,,
AKMGY,2015-01-01,,Active,yfinance_refetch_2026-06-02,Real Estate,,
AKSA,2015-01-01,,Active,yfinance_refetch_2026-06-02,Consumer Cyclical,,AKSA has been traded on BIST since 1986; exact first trading day is encoded conservatively as year start.
AKSEN,2015-01-01,,Active,yfinance_refetch_2026-06-02,Utilities,,
AKSGY,2015-01-01,,Active,yfinance_refetch_2026-06-02,Real Estate,,
AKSUE,2015-01-01,,Active,yfinance_refetch_2026-06-02,Utilities,,
AKYHO,2015-01-01,,Active,yfinance_refetch_2026-06-02,Industrials,,
ALARK,2015-01-01,,Active,yfinance_refetch_2026-06-02,Industrials,,Auto-populated from ALARK.csv first trading date
ALBRK,2015-01-01,,Active,yfinance_refetch_2026-06-02,Financial Services,,
ALCAR,2015-01-01,,Active,yfinance_refetch_2026-06-02,Industrials,,
ALCTL,2015-01-01,,Active,yfinance_refetch_2026-06-02,Technology,,
ALFAS,2022-11-16,,Active,yfinance_refetch_2026-06-02,Technology,,
ALGYO,2015-01-01,,Active,yfinance_refetch_2026-06-02,Real Estate,,
ALKA,2015-01-01,,Active,yfinance_refetch_2026-06-02,Basic Materials,,
ALKIM,2015-01-01,,Active,yfinance_refetch_2026-06-02,Basic Materials,,
ALKLC,2024-06-04,,Active,yfinance_refetch_2026-06-02,Consumer Defensive,,
ALTNY,2024-05-16,,Active,yfinance_refetch_2026-06-02,Industrials,,
ALVES,2024-02-29,,Active,yfinance_refetch_2026-06-02,Industrials,,
ANELE,2015-01-01,,Active,yfinance_refetch_2026-06-02,Industrials,,
ANGEN,2021-10-21,,Active,yfinance_refetch_2026-06-02,Healthcare,,
ANHYT,2015-01-01,,Active,yfinance_refetch_2026-06-02,Financial Services,,
ANSGR,2015-01-01,,Active,yfinance_refetch_2026-06-02,Financial Services,,
ARASE,2021-11-11,,Active,yfinance_refetch_2026-06-02,Utilities,,
ARCLK,2015-01-01,,Active,yfinance_refetch_2026-06-02,Consumer Cyclical,,
ARDYZ,2020-02-06,,Active,yfinance_refetch_2026-06-02,Technology,,Auto-populated from ARDYZ.csv first trading date
ARENA,2015-01-01,,Active,yfinance_refetch_2026-06-02,Technology,,
ARMGD,2025-01-03,,Active,yfinance_refetch_2026-06-02,Consumer Defensive,,
ARSAN,2015-01-01,,Active,yfinance_refetch_2026-06-02,Industrials,,
ARTMS,2024-05-02,,Active,yfinance_refetch_2026-06-02,Consumer Cyclical,,
ARZUM,2020-12-24,,Active,yfinance_refetch_2026-06-02,Technology,,
ASELS,2015-01-01,,Active,yfinance_refetch_2026-06-02,Industrials,,Auto-populated from ASELS.csv first trading date
ASGYO,2024-03-21,,Active,yfinance_refetch_2026-06-02,Real Estate,,
ASTOR,2023-01-18,,Active,yfinance_refetch_2026-06-02,Industrials,,Auto-populated from ASTOR.csv first trading date
ASUZU,2015-01-01,,Active,yfinance_refetch_2026-06-02,Consumer Cyclical,,
ATAGY,2015-01-01,,Active,yfinance_refetch_2026-06-02,Real Estate,,
ATAKP,2023-08-01,,Active,yfinance_refetch_2026-06-02,Consumer Defensive,,
ATATP,2021-06-09,,Active,yfinance_refetch_2026-06-02,Technology,,
ATEKS,2015-01-01,,Active,yfinance_refetch_2026-06-02,Consumer Cyclical,,
ATLAS,2015-01-01,,Active,yfinance_refetch_2026-06-02,Financial Services,,
ATSYH,2015-01-01,,Active,yfinance_refetch_2026-06-02,Consumer Cyclical,,
AVGYO,2015-01-01,,Active,yfinance_refetch_2026-06-02,Real Estate,,
AVHOL,2015-01-01,,Active,yfinance_refetch_2026-06-02,Financial Services,,
AVOD,2015-01-01,,Active,yfinance_refetch_2026-06-02,Consumer Defensive,,
AVPGY,2024-03-21,,Active,yfinance_refetch_2026-06-02,Real Estate,,
AVTUR,2015-01-01,,Active,yfinance_refetch_2026-06-02,Financial Services,,
AYCES,2015-01-01,,Active,yfinance_refetch_2026-06-02,Consumer Cyclical,,
AYDEM,2021-04-30,,Active,yfinance_refetch_2026-06-02,Utilities,,
AYEN,2015-01-01,,Active,yfinance_refetch_2026-06-02,Utilities,,
AYES,2015-01-01,,Active,yfinance_refetch_2026-06-02,Basic Materials,,
AYGAZ,2015-01-01,,Active,yfinance_refetch_2026-06-02,Utilities,,
AZTEK,2022-08-17,,Active,yfinance_refetch_2026-06-02,Technology,,
BAGFS,2015-01-01,,Active,yfinance_refetch_2026-06-02,Basic Materials,,
BAHKM,2024-08-13,,Active,yfinance_refetch_2026-06-02,Basic Materials,,
BAKAB,2015-01-01,,Active,yfinance_refetch_2026-06-02,Consumer Cyclical,,
BALAT,2015-01-01,,Active,yfinance_refetch_2026-06-02,Consumer Cyclical,,
BALSU,2025-02-20,,Active,yfinance_refetch_2026-06-02,Consumer Defensive,,
BANVT,2015-01-01,,Active,yfinance_refetch_2026-06-02,Consumer Defensive,,
BARMA,2024-03-11,,Active,yfinance_refetch_2026-06-02,Consumer Cyclical,,
BASCM,2015-01-01,,Active,yfinance_refetch_2026-06-02,Basic Materials,,
BASGZ,2021-06-11,,Active,yfinance_refetch_2026-06-02,Utilities,,
BAYRK,2020-06-04,,Active,yfinance_refetch_2026-06-02,Consumer Cyclical,,
BEGYO,2024-03-21,,Active,yfinance_refetch_2026-06-02,Real Estate,,
BERA,2015-01-01,,Active,yfinance_refetch_2026-06-02,Industrials,,
BESLR,2015-01-01,,Active,yfinance_refetch_2026-06-02,Consumer Defensive,,
BEYAZ,2015-01-01,,Active,yfinance_refetch_2026-06-02,Industrials,,
BFREN,2015-01-01,,Active,yfinance_refetch_2026-06-02,Consumer Cyclical,,
BIENY,2023-05-18,,Active,yfinance_refetch_2026-06-02,Industrials,,
BIGCH,2024-03-21,,Active,yfinance_refetch_2026-06-02,Consumer Cyclical,,
BIGEN,2025-02-05,,Active,yfinance_refetch_2026-06-02,Utilities,,Auto-populated from BIGEN.csv first trading date
BIMAS,2015-01-01,,Active,yfinance_refetch_2026-06-02,Consumer Defensive,XTCRT,BIM Birlesik Magazalar began trading on BIST on 28 October 2010.
BINBN,2024-10-11,,Active,yfinance_refetch_2026-06-02,Technology,,
BINHO,2024-03-21,,Active,yfinance_refetch_2026-06-02,Industrials,,
BIOEN,2021-04-28,,Active,yfinance_refetch_2026-06-02,Utilities,,
BIZIM,2015-01-01,,Active,yfinance_refetch_2026-06-02,Consumer Cyclical,,
BJKAS,2015-01-01,,Active,yfinance_refetch_2026-06-02,Communication Services,,
BLCYT,2015-01-01,,Active,yfinance_refetch_2026-06-02,Consumer Cyclical,,
BLUME,2015-01-01,,Active,yfinance_refetch_2026-06-02,Technology,,
BMSCH,2021-06-10,,Active,yfinance_refetch_2026-06-02,Basic Materials,,
BMSTL,2022-04-27,,Active,yfinance_refetch_2026-06-02,Basic Materials,,
BNTAS,2015-05-18,,Active,yfinance_refetch_2026-06-02,Consumer Cyclical,,
BOBET,2021-06-03,,Active,yfinance_refetch_2026-06-02,Basic Materials,,
BORLS,2024-03-21,,Active,yfinance_refetch_2026-06-02,Industrials,,
BORSK,2024-02-15,,Active,yfinance_refetch_2026-06-02,Consumer Defensive,,
BOSSA,2015-01-01,,Active,yfinance_refetch_2026-06-02,Consumer Cyclical,,
BRISA,2015-01-01,,Active,yfinance_refetch_2026-06-02,Consumer Cyclical,,
BRKO,2015-01-01,,Active,yfinance_refetch_2026-06-02,Consumer Cyclical,,
BRKSN,2015-01-01,,Active,yfinance_refetch_2026-06-02,Industrials,,
BRKVY,2022-12-15,,Active,yfinance_refetch_2026-06-02,Financial Services,,
BRLSM,2021-08-20,,Active,yfinance_refetch_2026-06-02,Industrials,,
BRMEN,2015-01-01,,Active,yfinance_refetch_2026-06-02,Consumer Cyclical,,
BRSAN,2015-01-01,,Active,yfinance_refetch_2026-06-02,Basic Materials,,
BRYAT,2015-01-01,,Active,yfinance_refetch_2026-06-02,Basic Materials,,
BSOKE,2015-01-01,,Active,yfinance_refetch_2026-06-02,Basic Materials,,
BTCIM,2015-01-01,,Active,yfinance_refetch_2026-06-02,Basic Materials,,
BUCIM,2015-01-01,,Active,yfinance_refetch_2026-06-02,Basic Materials,,
BULGS,2025-02-21,,Active,yfinance_refetch_2026-06-02,Financial Services,,
BURCE,2015-01-01,,Active,yfinance_refetch_2026-06-02,Industrials,,
BURVA,2015-01-01,,Active,yfinance_refetch_2026-06-02,Industrials,,
BVSAN,2023-02-07,,Active,yfinance_refetch_2026-06-02,Industrials,,
BYDNR,2023-08-22,,Active,yfinance_refetch_2026-06-02,Consumer Cyclical,,
CANTE,2021-04-30,,Active,yfinance_refetch_2026-06-02,Utilities,,
CASA,2015-01-01,,Active,yfinance_refetch_2026-06-02,Consumer Cyclical,,
CATES,2023-12-07,,Active,yfinance_refetch_2026-06-02,Utilities,,
CCOLA,2015-01-01,,Active,yfinance_refetch_2026-06-02,Consumer Defensive,,
CELHA,2015-01-01,,Active,yfinance_refetch_2026-06-02,Industrials,,
CEMAS,2015-01-01,,Active,yfinance_refetch_2026-06-02,Industrials,,
CEMTS,2015-01-01,,Active,yfinance_refetch_2026-06-02,Basic Materials,,
CEMZY,2024-09-10,,Active,yfinance_refetch_2026-06-02,Consumer Defensive,,
CEOEM,2019-05-31,,Active,yfinance_refetch_2026-06-02,Industrials,,
CGCAM,2024-12-23,,Active,yfinance_refetch_2026-06-02,Basic Materials,,
CIMSA,2015-01-01,,Active,yfinance_refetch_2026-06-02,Basic Materials,,
CLEBI,2015-01-01,,Active,yfinance_refetch_2026-06-02,Industrials,,
CMBTN,2015-01-01,,Active,yfinance_refetch_2026-06-02,Basic Materials,,
CMENT,2015-01-01,,Active,yfinance_refetch_2026-06-02,Basic Materials,,
CONSE,2022-04-20,,Active,yfinance_refetch_2026-06-02,Utilities,,
COSMO,2015-01-01,,Active,yfinance_refetch_2026-06-02,Financial Services,,
CRDFA,2015-01-01,,Active,yfinance_refetch_2026-06-02,Financial Services,,
CRFSA,2015-01-01,,Active,yfinance_refetch_2026-06-02,Consumer Defensive,,
CUSAN,2016-02-18,,Active,yfinance_refetch_2026-06-02,Industrials,,
CVKMD,2023-04-13,,Active,yfinance_refetch_2026-06-02,Basic Materials,,
CWENE,2023-05-10,,Active,yfinance_refetch_2026-06-02,Technology,,
DAGI,2015-01-01,,Active,yfinance_refetch_2026-06-02,Consumer Cyclical,,
DAPGM,2022-02-24,,Active,yfinance_refetch_2026-06-02,Real Estate,,
DARDL,2015-01-01,,Active,yfinance_refetch_2026-06-02,Consumer Defensive,,
DCTTR,2024-07-31,,Active,yfinance_refetch_2026-06-02,Financial Services,,
DENGE,2015-01-01,,Active,yfinance_refetch_2026-06-02,Financial Services,,
DERHL,2019-07-09,,Active,yfinance_refetch_2026-06-02,Consumer Cyclical,,
DERIM,2015-01-01,,Active,yfinance_refetch_2026-06-02,Consumer Cyclical,,
DESA,2015-01-01,,Active,yfinance_refetch_2026-06-02,Consumer Cyclical,,
DESPC,2015-01-01,,Active,yfinance_refetch_2026-06-02,Technology,,
DEVA,2015-01-01,,Active,yfinance_refetch_2026-06-02,Healthcare,,
DGATE,2015-01-01,,Active,yfinance_refetch_2026-06-02,Technology,,
DGGYO,2015-01-01,,Active,yfinance_refetch_2026-06-02,Real Estate,,
DGNMO,2015-01-01,,Active,yfinance_refetch_2026-06-02,Consumer Cyclical,,
DIRIT,2015-01-01,,Active,yfinance_refetch_2026-06-02,Consumer Cyclical,,
DITAS,2015-01-01,,Active,yfinance_refetch_2026-06-02,Consumer Cyclical,,
DMRGD,2024-03-21,,Active,yfinance_refetch_2026-06-02,Consumer Defensive,,
DMSAS,2015-01-01,,Active,yfinance_refetch_2026-06-02,Industrials,,
DNISI,2020-09-03,,Active,yfinance_refetch_2026-06-02,Basic Materials,,
DOAS,2015-01-01,,Active,yfinance_refetch_2026-06-02,Consumer Cyclical,,
DOCO,2015-01-01,,Active,yfinance_refetch_2026-06-02,Industrials,,
DOFER,2023-10-16,,Active,yfinance_refetch_2026-06-02,Basic Materials,,
DOFRB,2025-09-12,,Active,yfinance_refetch_2026-06-02,Consumer Cyclical,,
DOGUB,2015-01-01,,Active,yfinance_refetch_2026-06-02,Industrials,,
DOHOL,2015-01-01,,Active,yfinance_refetch_2026-06-02,Industrials,,
DOKTA,2015-01-01,,Active,yfinance_refetch_2026-06-02,Basic Materials,,
DSTKF,2025-02-06,,Active,yfinance_refetch_2026-06-02,Financial Services,,
DUNYH,2015-01-01,,Active,yfinance_refetch_2026-06-02,Consumer Defensive,,
DURDO,2015-01-01,,Active,yfinance_refetch_2026-06-02,Consumer Cyclical,,
DURKN,2024-09-18,,Active,yfinance_refetch_2026-06-02,Consumer Defensive,,
DYOBY,2015-01-01,,Active,yfinance_refetch_2026-06-02,Basic Materials,,
DZGYO,2015-01-01,,Active,yfinance_refetch_2026-06-02,Real Estate,,
EBEBK,2024-03-21,,Active,yfinance_refetch_2026-06-02,Consumer Cyclical,,
ECILC,2015-01-01,,Active,yfinance_refetch_2026-06-02,Healthcare,,
ECZYT,2015-01-01,,Active,yfinance_refetch_2026-06-02,Industrials,,
EDATA,2021-07-05,,Active,yfinance_refetch_2026-06-02,Technology,,
EDIP,2015-01-01,,Active,yfinance_refetch_2026-06-02,Real Estate,,
EGEEN,2015-01-01,,Active,yfinance_refetch_2026-06-02,Consumer Cyclical,,
EGEGY,2025-01-14,,Active,yfinance_refetch_2026-06-02,Real Estate,,
EGEPO,2021-09-01,,Active,yfinance_refetch_2026-06-02,Healthcare,,
EGGUB,2015-01-01,,Active,yfinance_refetch_2026-06-02,Industrials,,
EGPRO,2015-01-01,,Active,yfinance_refetch_2026-06-02,Industrials,,
EGSER,2015-01-01,,Active,yfinance_refetch_2026-06-02,Basic Materials,,
EKGYO,2015-01-01,,Active,yfinance_refetch_2026-06-02,Real Estate,,
EKIZ,2015-01-01,,Active,yfinance_refetch_2026-06-02,Consumer Defensive,,
EKOS,2024-03-21,,Active,yfinance_refetch_2026-06-02,Industrials,,
EKSUN,2023-03-24,,Active,yfinance_refetch_2026-06-02,Consumer Defensive,,
ELITE,2021-11-15,,Active,yfinance_refetch_2026-06-02,Consumer Defensive,,
EMKEL,2015-01-01,,Active,yfinance_refetch_2026-06-02,Industrials,,
EMNIS,2015-01-01,,Active,yfinance_refetch_2026-06-02,Consumer Cyclical,,
ENDAE,2025-02-14,,Active,yfinance_refetch_2026-06-02,Utilities,,
ENERY,2023-08-23,,Active,yfinance_refetch_2026-06-02,Utilities,,
ENJSA,2018-02-08,,Active,yfinance_refetch_2026-06-02,Utilities,,
ENKAI,2015-01-01,,Active,yfinance_refetch_2026-06-02,Industrials,,Auto-populated from ENKAI.csv first trading date
ENSRI,2022-03-22,,Active,yfinance_refetch_2026-06-02,Consumer Cyclical,,
ENTRA,2024-04-04,,Active,yfinance_refetch_2026-06-02,Utilities,,
EPLAS,2015-01-01,,Active,yfinance_refetch_2026-06-02,Industrials,,
ERBOS,2015-01-01,,Active,yfinance_refetch_2026-06-02,Industrials,,Auto-populated from ERBOS.csv first trading date
ERCB,2022-01-13,,Active,yfinance_refetch_2026-06-02,Basic Materials,,
EREGL,2015-01-01,,Active,yfinance_refetch_2026-06-02,Basic Materials,,Auto-populated from EREGL.csv first trading date
ERSU,2015-01-01,,Active,yfinance_refetch_2026-06-02,Consumer Defensive,,
ESCAR,2021-07-13,,Active,yfinance_refetch_2026-06-02,Industrials,,
ESCOM,2015-01-01,,Active,yfinance_refetch_2026-06-02,Technology,,
ESEN,2020-10-09,,Active,yfinance_refetch_2026-06-02,Utilities,,
ETILR,2015-01-01,,Active,yfinance_refetch_2026-06-02,Consumer Cyclical,,
ETYAT,2015-01-01,,Active,yfinance_refetch_2026-06-02,Financial Services,,
EUHOL,2015-01-01,,Active,yfinance_refetch_2026-06-02,Financial Services,,
EUKYO,2015-01-01,,Active,yfinance_refetch_2026-06-02,Financial Services,,
EUPWR,2023-04-20,,Active,yfinance_refetch_2026-06-02,Industrials,,
EUREN,2022-06-08,,Active,yfinance_refetch_2026-06-02,Industrials,,
EUYO,2015-01-01,,Active,yfinance_refetch_2026-06-02,Financial Services,,
EYGYO,2024-03-21,,Active,yfinance_refetch_2026-06-02,Real Estate,,
FADE,2020-08-06,,Active,yfinance_refetch_2026-06-02,Consumer Defensive,,
FENER,2015-01-01,,Active,yfinance_refetch_2026-06-02,Communication Services,,
FLAP,2015-01-01,,Active,yfinance_refetch_2026-06-02,Consumer Cyclical,,
FMIZP,2015-01-01,,Active,yfinance_refetch_2026-06-02,Consumer Cyclical,,
FONET,2017-05-04,,Active,yfinance_refetch_2026-06-02,Healthcare,,
FORMT,2018-05-22,,Active,yfinance_refetch_2026-06-02,Industrials,,
FORTE,2024-03-21,,Active,yfinance_refetch_2026-06-02,Technology,,
FRIGO,2015-01-01,,Active,yfinance_refetch_2026-06-02,Consumer Defensive,,
FROTO,2015-01-01,,Active,yfinance_refetch_2026-06-02,Consumer Cyclical,,Auto-populated from FROTO.csv first trading date
FZLGY,2024-03-21,,Active,yfinance_refetch_2026-06-02,Real Estate,,
GARAN,2015-01-01,,Active,yfinance_refetch_2026-06-02,Financial Services,,Auto-populated from GARAN.csv first trading date
GARFA,2015-01-01,,Active,yfinance_refetch_2026-06-02,Financial Services,,
GEDIK,2015-01-01,,Active,yfinance_refetch_2026-06-02,Financial Services,,
GEDZA,2015-01-01,,Active,yfinance_refetch_2026-06-02,Basic Materials,,
GENIL,2021-08-05,,Active,yfinance_refetch_2026-06-02,Healthcare,,
GENTS,2015-01-01,,Active,yfinance_refetch_2026-06-02,Consumer Cyclical,,
GEREL,2015-01-01,,Active,yfinance_refetch_2026-06-02,Industrials,,
GESAN,2021-08-19,,Active,yfinance_refetch_2026-06-02,Industrials,,
GIPTA,2024-03-21,,Active,yfinance_refetch_2026-06-02,Consumer Cyclical,,
GLBMD,2015-01-01,,Active,yfinance_refetch_2026-06-02,Financial Services,,
GLCVY,2021-10-21,,Active,yfinance_refetch_2026-06-02,Financial Services,,
GLRMK,2025-01-17,,Active,yfinance_refetch_2026-06-02,Industrials,,
GLRYH,2015-01-01,,Active,yfinance_refetch_2026-06-02,Financial Services,,
GLYHO,2015-01-01,,Active,yfinance_refetch_2026-06-02,Industrials,,
GMTAS,2021-11-12,,Active,yfinance_refetch_2026-06-02,Unknown,,
GOKNR,2023-03-09,,Active,yfinance_refetch_2026-06-02,Consumer Defensive,,
GOLTS,2015-01-01,,Active,yfinance_refetch_2026-06-02,Basic Materials,,
GOODY,2015-01-01,,Active,yfinance_refetch_2026-06-02,Consumer Cyclical,,
GOZDE,2015-01-01,,Active,yfinance_refetch_2026-06-02,Financial Services,,
GRNYO,2015-01-01,,Active,yfinance_refetch_2026-06-02,Financial Services,,
GRSEL,2022-03-09,,Active,yfinance_refetch_2026-06-02,Industrials,,
GRTHO,2024-03-21,,Active,yfinance_refetch_2026-06-02,Consumer Defensive,,
GSDDE,2015-01-01,,Active,yfinance_refetch_2026-06-02,Industrials,,
GSDHO,2015-01-01,,Active,yfinance_refetch_2026-06-02,Industrials,,
GSRAY,2015-01-01,,Active,yfinance_refetch_2026-06-02,Communication Services,,
GUBRF,2015-01-01,,Active,yfinance_refetch_2026-06-02,Basic Materials,,
GUNDG,2024-10-01,,Active,yfinance_refetch_2026-06-02,Consumer Defensive,,
GWIND,2021-04-22,,Active,yfinance_refetch_2026-06-02,Utilities,,
GZNMI,2022-03-08,,Active,yfinance_refetch_2026-06-02,Consumer Cyclical,,
HALKB,2015-01-01,,Active,yfinance_refetch_2026-06-02,Financial Services,,
HATEK,2015-01-01,,Active,yfinance_refetch_2026-06-02,Consumer Cyclical,,
HATSN,2024-03-21,,Active,yfinance_refetch_2026-06-02,Industrials,,
HDFGS,2015-02-03,,Active,yfinance_refetch_2026-06-02,Financial Services,,
HEDEF,2021-10-22,,Active,yfinance_refetch_2026-06-02,Financial Services,,
HEKTS,2015-01-01,,Active,yfinance_refetch_2026-06-02,Basic Materials,,
HKTM,2022-08-18,,Active,yfinance_refetch_2026-06-02,Industrials,,
HLGYO,2015-01-01,,Active,yfinance_refetch_2026-06-02,Real Estate,,
HOROZ,2024-06-07,,Active,yfinance_refetch_2026-06-02,Industrials,,
HRKET,2024-05-23,,Active,yfinance_refetch_2026-06-02,Industrials,,
HTTBT,2022-03-03,,Active,yfinance_refetch_2026-06-02,Technology,,
HUBVC,2015-01-01,,Active,yfinance_refetch_2026-06-02,Financial Services,,
HUNER,2022-02-21,,Active,yfinance_refetch_2026-06-02,Utilities,,
HURGZ,2015-01-01,,Active,yfinance_refetch_2026-06-02,Communication Services,,
ICBCT,2015-01-01,,Active,yfinance_refetch_2026-06-02,Financial Services,,
ICUGS,2015-01-01,,Active,yfinance_refetch_2026-06-02,Financial Services,,
IDGYO,2015-01-01,,Active,yfinance_refetch_2026-06-02,Real Estate,,
IEYHO,2015-01-01,,Active,yfinance_refetch_2026-06-02,Consumer Cyclical,,
IHAAS,2021-11-03,,Active,yfinance_refetch_2026-06-02,Communication Services,,
IHEVA,2015-01-01,,Active,yfinance_refetch_2026-06-02,Consumer Cyclical,,
IHGZT,2015-01-01,,Active,yfinance_refetch_2026-06-02,Communication Services,,
IHLAS,2015-01-01,,Active,yfinance_refetch_2026-06-02,Industrials,,
IHLGM,2015-01-01,,Active,yfinance_refetch_2026-06-02,Real Estate,,
IHYAY,2015-01-01,,Active,yfinance_refetch_2026-06-02,Communication Services,,
IMASM,2022-04-29,,Active,yfinance_refetch_2026-06-02,Industrials,,
INDES,2015-01-01,,Active,yfinance_refetch_2026-06-02,Technology,,
INFO,2015-01-01,,Active,yfinance_refetch_2026-06-02,Financial Services,,
INGRM,2015-01-01,,Active,yfinance_refetch_2026-06-02,Technology,,
INTEK,2015-01-01,,Active,yfinance_refetch_2026-06-02,Technology,,
INTEM,2015-01-01,,Active,yfinance_refetch_2026-06-02,Consumer Cyclical,,
INVEO,2015-01-01,,Active,yfinance_refetch_2026-06-02,Financial Services,,
INVES,2024-03-11,,Active,yfinance_refetch_2026-06-02,Financial Services,,
ISATR,2015-01-01,,Active,yfinance_refetch_2026-06-02,Financial Services,,
ISBIR,2015-01-01,,Active,yfinance_refetch_2026-06-02,Consumer Cyclical,,
ISBTR,2015-01-01,,Active,yfinance_refetch_2026-06-02,Financial Services,,
ISCTR,2015-01-01,,Active,yfinance_refetch_2026-06-02,Financial Services,,Auto-populated from ISCTR.csv first trading date
ISDMR,2016-03-28,,Active,yfinance_refetch_2026-06-02,Basic Materials,,
ISFIN,2015-01-01,,Active,yfinance_refetch_2026-06-02,Financial Services,,
ISGSY,2015-01-02,,Active,yfinance_refetch_2026-06-02,Unknown,,
ISGYO,2015-01-01,,Active,yfinance_refetch_2026-06-02,Real Estate,,
ISKPL,2021-01-28,,Active,yfinance_refetch_2026-06-02,Industrials,,
ISKUR,2015-03-06,,Active,yfinance_refetch_2026-06-02,Unknown,,
ISMEN,2015-01-01,,Active,yfinance_refetch_2026-06-02,Financial Services,,
ISSEN,2021-11-18,,Active,yfinance_refetch_2026-06-02,Consumer Cyclical,,
ISYAT,2015-01-01,,Active,yfinance_refetch_2026-06-02,Financial Services,,
IZENR,2023-08-16,,Active,yfinance_refetch_2026-06-02,Utilities,,
IZFAS,2015-01-01,,Active,yfinance_refetch_2026-06-02,Consumer Defensive,,
IZINV,2015-01-01,,Active,yfinance_refetch_2026-06-02,Industrials,,
IZMDC,2015-01-01,,Active,yfinance_refetch_2026-06-02,Basic Materials,,
JANTS,2015-01-01,,Active,yfinance_refetch_2026-06-02,Consumer Cyclical,,
KAPLM,2015-01-01,,Active,yfinance_refetch_2026-06-02,Consumer Cyclical,,
KAREL,2015-01-01,,Active,yfinance_refetch_2026-06-02,Technology,,
KARSN,2015-01-01,,Active,yfinance_refetch_2026-06-02,Industrials,,
KARTN,2015-01-01,,Active,yfinance_refetch_2026-06-02,Consumer Cyclical,,
KATMR,2015-01-01,,Active,yfinance_refetch_2026-06-02,Industrials,,
KAYSE,2023-05-18,,Active,yfinance_refetch_2026-06-02,Consumer Defensive,,
KBORU,2024-03-21,,Active,yfinance_refetch_2026-06-02,Basic Materials,,
KCAER,2022-06-30,,Active,yfinance_refetch_2026-06-02,Basic Materials,,
KCHOL,2015-01-01,,Active,yfinance_refetch_2026-06-02,Industrials,XHOLD,Auto-populated from KCHOL.csv first trading date
KENT,2015-01-01,,Active,yfinance_refetch_2026-06-02,Consumer Defensive,,
KERVN,2015-01-01,,Active,yfinance_refetch_2026-06-02,Consumer Cyclical,,
KFEIN,2018-05-16,,Active,yfinance_refetch_2026-06-02,Technology,,
KGYO,2015-01-01,,Active,yfinance_refetch_2026-06-02,Real Estate,,
KIMMR,2021-09-22,,Active,yfinance_refetch_2026-06-02,Consumer Cyclical,,
KLGYO,2015-01-01,,Active,yfinance_refetch_2026-06-02,Real Estate,,
KLKIM,2021-05-18,,Active,yfinance_refetch_2026-06-02,Basic Materials,,
KLMSN,2015-01-01,,Active,yfinance_refetch_2026-06-02,Industrials,,
KLNMA,2015-01-01,,Active,yfinance_refetch_2026-06-02,Financial Services,,
KLRHO,2024-03-21,,Active,yfinance_refetch_2026-06-02,Industrials,,
KLSER,2023-08-01,,Active,yfinance_refetch_2026-06-02,Industrials,,Auto-populated from KLSER.csv first trading date
KLSYN,2022-03-04,,Active,yfinance_refetch_2026-06-02,Consumer Cyclical,,
KLYPV,2025-04-10,,Active,yfinance_refetch_2026-06-02,Technology,,
KMPUR,2022-04-28,,Active,yfinance_refetch_2026-06-02,Basic Materials,,
KNFRT,2015-01-01,,Active,yfinance_refetch_2026-06-02,Consumer Defensive,,
KOCMT,2024-05-17,,Active,yfinance_refetch_2026-06-02,Industrials,,
KONKA,2021-11-26,,Active,yfinance_refetch_2026-06-02,Basic Materials,,
KONTR,2020-10-19,,Active,yfinance_refetch_2026-06-02,Industrials,,
KONYA,2015-01-01,,Active,yfinance_refetch_2026-06-02,Basic Materials,,
KOPOL,2023-04-13,,Active,yfinance_refetch_2026-06-02,Basic Materials,,
KORDS,2015-01-01,,Active,yfinance_refetch_2026-06-02,Consumer Cyclical,,
KOTON,2024-05-10,,Active,yfinance_refetch_2026-06-02,Consumer Cyclical,,
KRDMA,2015-01-01,,Active,yfinance_refetch_2026-06-02,Basic Materials,,
KRDMB,2015-01-01,,Active,yfinance_refetch_2026-06-02,Basic Materials,,
KRDMD,2015-01-01,,Active,yfinance_refetch_2026-06-02,Basic Materials,,
KRGYO,2015-01-01,,Active,yfinance_refetch_2026-06-02,Real Estate,,
KRONT,2015-01-01,,Active,yfinance_refetch_2026-06-02,Technology,,
KRPLS,2022-07-28,,Active,yfinance_refetch_2026-06-02,Consumer Defensive,,
KRSTL,2015-01-01,,Active,yfinance_refetch_2026-06-02,Consumer Defensive,,
KRTEK,2015-01-01,,Active,yfinance_refetch_2026-06-02,Consumer Cyclical,,
KRVGD,2020-12-04,,Active,yfinance_refetch_2026-06-02,Consumer Defensive,,
KSTUR,2015-01-01,,Active,yfinance_refetch_2026-06-02,Consumer Cyclical,,
KTLEV,2024-03-21,,Active,yfinance_refetch_2026-06-02,Financial Services,XTCRT,Auto-populated from KTLEV.csv first trading date
KTSKR,2021-07-08,,Active,yfinance_refetch_2026-06-02,Consumer Defensive,,
KUTPO,2015-01-01,,Active,yfinance_refetch_2026-06-02,Consumer Cyclical,,
KUVVA,2015-01-01,,Active,yfinance_refetch_2026-06-02,Consumer Defensive,,
KUYAS,2015-01-01,,Active,yfinance_refetch_2026-06-02,Real Estate,,
KZBGY,2021-08-12,,Active,yfinance_refetch_2026-06-02,Real Estate,,
KZGYO,2023-08-29,,Active,yfinance_refetch_2026-06-02,Unknown,,
LIDER,2022-04-04,,Active,yfinance_refetch_2026-06-02,Industrials,,
LIDFA,2015-01-01,,Active,yfinance_refetch_2026-06-02,Financial Services,,
LILAK,2024-05-09,,Active,yfinance_refetch_2026-06-02,Consumer Defensive,,
LINK,2015-01-01,,Active,yfinance_refetch_2026-06-02,Technology,,
LKMNH,2015-01-01,,Active,yfinance_refetch_2026-06-02,Healthcare,,
LMKDC,2024-02-22,,Active,yfinance_refetch_2026-06-02,Basic Materials,,
LOGO,2015-01-01,,Active,yfinance_refetch_2026-06-02,Technology,,Auto-populated from LOGO.csv first trading date
LRSHO,2015-01-01,,Active,yfinance_refetch_2026-06-02,Industrials,,
LUKSK,2015-01-01,,Active,yfinance_refetch_2026-06-02,Consumer Cyclical,,
LYDHO,2015-01-01,,Active,yfinance_refetch_2026-06-02,Industrials,,
LYDYE,2015-01-01,,Active,yfinance_refetch_2026-06-02,Utilities,,
MAALT,2015-01-01,,Active,yfinance_refetch_2026-06-02,Consumer Cyclical,,
MACKO,2023-01-26,,Active,yfinance_refetch_2026-06-02,Communication Services,,
MAGEN,2021-11-02,,Active,yfinance_refetch_2026-06-02,Utilities,,
MAKIM,2022-06-17,,Active,yfinance_refetch_2026-06-02,Industrials,,
MAKTK,2015-01-01,,Active,yfinance_refetch_2026-06-02,Industrials,,
MANAS,2021-07-27,,Active,yfinance_refetch_2026-06-02,Industrials,,
MARBL,2023-11-08,,Active,yfinance_refetch_2026-06-02,Basic Materials,,
MARKA,2015-01-01,,Active,yfinance_refetch_2026-06-02,Financial Services,,
MARMR,2025-09-19,,Active,yfinance_refetch_2026-06-02,Industrials,,
MARTI,2015-01-01,,Active,yfinance_refetch_2026-06-02,Consumer Cyclical,,
MAVI,2017-06-15,,Active,yfinance_refetch_2026-06-02,Consumer Cyclical,,
MEDTR,2021-07-02,,Active,yfinance_refetch_2026-06-02,Healthcare,,
MEGAP,2015-01-01,,Active,yfinance_refetch_2026-06-02,Basic Materials,,
MEGMT,2023-12-15,,Active,yfinance_refetch_2026-06-02,Industrials,,
MEKAG,2023-10-16,,Active,yfinance_refetch_2026-06-02,Basic Materials,,
MEPET,2015-01-01,,Active,yfinance_refetch_2026-06-02,Energy,,
MERCN,2021-05-27,,Active,yfinance_refetch_2026-06-02,Basic Materials,,
MERIT,2015-01-01,,Active,yfinance_refetch_2026-06-02,Consumer Cyclical,,
MERKO,2015-01-01,,Active,yfinance_refetch_2026-06-02,Consumer Defensive,,
METRO,2015-01-01,,Active,yfinance_refetch_2026-06-02,Financial Services,,
MGROS,2015-01-01,,Active,yfinance_refetch_2026-06-02,Consumer Defensive,XTCRT,Auto-populated from MGROS.csv first trading date
MHRGY,2024-03-21,,Active,yfinance_refetch_2026-06-02,Real Estate,,
MIATK,2021-11-22,,Active,yfinance_refetch_2026-06-02,Technology,XTEK,Auto-populated from MIATK.csv first trading date
MMCAS,2015-01-01,,Active,yfinance_refetch_2026-06-02,Industrials,,
MNDRS,2015-01-01,,Active,yfinance_refetch_2026-06-02,Consumer Cyclical,,
MNDTR,2015-01-01,,Active,yfinance_refetch_2026-06-02,Consumer Cyclical,,
MOBTL,2021-11-25,,Active,yfinance_refetch_2026-06-02,Technology,,
MOGAN,2024-05-02,,Active,yfinance_refetch_2026-06-02,Utilities,,
MOPAS,2025-02-10,,Active,yfinance_refetch_2026-06-02,Consumer Defensive,,
MPARK,2018-02-13,,Active,yfinance_refetch_2026-06-02,Healthcare,,
MRGYO,2015-01-01,,Active,yfinance_refetch_2026-06-02,Real Estate,,
MRSHL,2015-01-01,,Active,yfinance_refetch_2026-06-02,Basic Materials,,
MSGYO,2017-01-19,,Active,yfinance_refetch_2026-06-02,Real Estate,,
MTRKS,2021-04-06,,Active,yfinance_refetch_2026-06-02,Financial Services,,
MTRYO,2015-01-01,,Active,yfinance_refetch_2026-06-02,Financial Services,,
MZHLD,2015-01-01,,Active,yfinance_refetch_2026-06-02,Industrials,,
NATEN,2019-08-08,,Active,yfinance_refetch_2026-06-02,Utilities,,
NETAS,2015-01-01,,Active,yfinance_refetch_2026-06-02,Technology,,
NIBAS,2015-01-01,,Active,yfinance_refetch_2026-06-02,Industrials,,
NTGAZ,2021-04-01,,Active,yfinance_refetch_2026-06-02,Energy,,
NTHOL,2015-01-01,,Active,yfinance_refetch_2026-06-02,Consumer Cyclical,,
NUGYO,2015-01-01,,Active,yfinance_refetch_2026-06-02,Real Estate,,
NUHCM,2015-01-01,,Active,yfinance_refetch_2026-06-02,Basic Materials,,
OBAMS,2024-03-01,,Active,yfinance_refetch_2026-06-02,Consumer Defensive,,
OBASE,2022-08-03,,Active,yfinance_refetch_2026-06-02,Technology,,
ODAS,2015-01-01,,Active,yfinance_refetch_2026-06-02,Utilities,,
ODINE,2024-05-02,,Active,yfinance_refetch_2026-06-02,Technology,,
OFSYM,2024-03-21,,Active,yfinance_refetch_2026-06-02,Consumer Defensive,,
ONCSM,2023-01-04,,Active,yfinance_refetch_2026-06-02,Healthcare,,
ONRYT,2024-05-28,,Active,yfinance_refetch_2026-06-02,Industrials,XTEK,Auto-populated from ONRYT.csv first trading date
ORCAY,2022-09-20,,Active,yfinance_refetch_2026-06-02,Consumer Defensive,,
ORGE,2015-01-01,,Active,yfinance_refetch_2026-06-02,Industrials,,
ORMA,2015-01-01,,Active,yfinance_refetch_2026-06-02,Basic Materials,,
OSMEN,2015-01-01,,Active,yfinance_refetch_2026-06-02,Financial Services,,
OSTIM,2015-01-01,,Active,yfinance_refetch_2026-06-02,Financial Services,,
OTKAR,2015-01-01,,Active,yfinance_refetch_2026-06-02,Consumer Cyclical,,
OTTO,2015-01-01,,Active,yfinance_refetch_2026-06-02,Financial Services,,
OYAKC,2015-01-01,,Active,yfinance_refetch_2026-06-02,Basic Materials,,Auto-populated from OYAKC.csv first trading date
OYAYO,2015-01-01,,Active,yfinance_refetch_2026-06-02,Financial Services,,
OYLUM,2015-01-01,,Active,yfinance_refetch_2026-06-02,Consumer Defensive,,
OYYAT,2021-06-10,,Active,yfinance_refetch_2026-06-02,Financial Services,,
OZATD,2024-09-05,,Active,yfinance_refetch_2026-06-02,Industrials,,
OZGYO,2015-01-01,,Active,yfinance_refetch_2026-06-02,Real Estate,,
OZKGY,2015-01-01,,Active,yfinance_refetch_2026-06-02,Real Estate,,
OZRDN,2015-02-18,,Active,yfinance_refetch_2026-06-02,Consumer Cyclical,,
OZSUB,2022-11-29,,Active,yfinance_refetch_2026-06-02,Consumer Defensive,,
OZYSR,2024-06-04,,Active,yfinance_refetch_2026-06-02,Industrials,,
PAGYO,2015-01-01,,Active,yfinance_refetch_2026-06-02,Real Estate,,
PAMEL,2015-01-01,,Active,yfinance_refetch_2026-06-02,Utilities,,
PAPIL,2019-12-30,,Active,yfinance_refetch_2026-06-02,Industrials,,
PARSN,2015-01-01,,Active,yfinance_refetch_2026-06-02,Consumer Cyclical,,
PASEU,2024-03-21,,Active,yfinance_refetch_2026-06-02,Industrials,,
PATEK,2024-02-14,,Active,yfinance_refetch_2026-06-02,Technology,,
PCILT,2021-12-01,,Active,yfinance_refetch_2026-06-02,Communication Services,,
PEKGY,2018-02-21,,Active,yfinance_refetch_2026-06-02,Real Estate,,
PENGD,2015-01-01,,Active,yfinance_refetch_2026-06-02,Consumer Defensive,,
PENTA,2021-05-17,,Active,yfinance_refetch_2026-06-02,Technology,,
PETKM,2015-01-01,,Active,yfinance_refetch_2026-06-02,Basic Materials,,
PETUN,2015-01-01,,Active,yfinance_refetch_2026-06-02,Consumer Defensive,,
PGSUS,2015-01-01,,Active,yfinance_refetch_2026-06-02,Industrials,,
PINSU,2015-01-01,,Active,yfinance_refetch_2026-06-02,Consumer Defensive,,
PKART,2015-01-01,,Active,yfinance_refetch_2026-06-02,Industrials,,
PKENT,2015-01-01,,Active,yfinance_refetch_2026-06-02,Consumer Cyclical,,
PLTUR,2022-12-14,,Active,yfinance_refetch_2026-06-02,Industrials,,
PNLSN,2022-02-18,,Active,yfinance_refetch_2026-06-02,Industrials,,
PNSUT,2015-01-01,,Active,yfinance_refetch_2026-06-02,Consumer Defensive,,
POLHO,2015-01-01,,Active,yfinance_refetch_2026-06-02,Basic Materials,,
POLTK,2015-01-01,,Active,yfinance_refetch_2026-06-02,Basic Materials,,
PRDGS,2022-06-15,,Active,yfinance_refetch_2026-06-02,Financial Services,,
PRKAB,2015-01-01,,Active,yfinance_refetch_2026-06-02,Industrials,,
PRKME,2015-01-01,,Active,yfinance_refetch_2026-06-02,Energy,,
PRZMA,2015-01-01,,Active,yfinance_refetch_2026-06-02,Industrials,,
PSDTC,2015-01-01,,Active,yfinance_refetch_2026-06-02,Industrials,,
PSGYO,2021-12-16,,Active,yfinance_refetch_2026-06-02,Real Estate,,
QNBFK,2015-01-01,,Active,yfinance_refetch_2026-06-02,Financial Services,,
QNBTR,2015-01-01,,Active,yfinance_refetch_2026-06-02,Financial Services,,
QUAGR,2021-04-09,,Active,yfinance_refetch_2026-06-02,Industrials,,
RALYH,2015-01-01,,Active,yfinance_refetch_2026-06-02,Industrials,,
RAYSG,2015-01-01,,Active,yfinance_refetch_2026-06-02,Financial Services,,
REEDR,2024-03-21,,Active,yfinance_refetch_2026-06-02,Technology,,
RGYAS,2024-05-02,,Active,yfinance_refetch_2026-06-02,Real Estate,,
RNPOL,2021-12-06,,Active,yfinance_refetch_2026-06-02,Basic Materials,,
RODRG,2015-01-01,,Active,yfinance_refetch_2026-06-02,Consumer Cyclical,,
ROYAL,2015-01-01,,Inactive,yfinance_refetch_2026-06-02,Consumer Cyclical,,Son islem 2026-04-20; guncel degil (halt/delist suphesi).
RTALB,2015-01-01,,Active,yfinance_refetch_2026-06-02,Healthcare,,
RUBNS,2022-07-07,,Active,yfinance_refetch_2026-06-02,Consumer Cyclical,,
RUZYE,2015-01-01,,Active,yfinance_refetch_2026-06-02,Energy,,
RYGYO,2015-01-01,,Active,yfinance_refetch_2026-06-02,Real Estate,,
RYSAS,2015-01-01,,Active,yfinance_refetch_2026-06-02,Industrials,,
SAFKR,2018-01-17,,Active,yfinance_refetch_2026-06-02,Consumer Cyclical,,
SAHOL,2015-01-01,,Active,yfinance_refetch_2026-06-02,Financial Services,,Auto-populated from SAHOL.csv first trading date
SAMAT,2015-01-01,,Active,yfinance_refetch_2026-06-02,Industrials,,
SANEL,2015-01-01,,Active,yfinance_refetch_2026-06-02,Industrials,,
SANFM,2015-01-01,,Active,yfinance_refetch_2026-06-02,Consumer Defensive,,
SANKO,2015-01-01,,Active,yfinance_refetch_2026-06-02,Consumer Cyclical,,
SARKY,2015-01-01,,Active,yfinance_refetch_2026-06-02,Basic Materials,,
SASA,2015-01-01,,Active,yfinance_refetch_2026-06-02,Consumer Cyclical,,Auto-populated from SASA.csv first trading date
SAYAS,2015-01-01,,Active,yfinance_refetch_2026-06-02,Industrials,,
SDTTR,2023-01-04,,Active,yfinance_refetch_2026-06-02,Industrials,,
SEGMN,2024-07-04,,Active,yfinance_refetch_2026-06-02,Consumer Defensive,,
SEGYO,2022-06-07,,Active,yfinance_refetch_2026-06-02,Real Estate,,
SEKFK,2015-01-01,,Active,yfinance_refetch_2026-06-02,Financial Services,,
SEKUR,2015-01-01,,Active,yfinance_refetch_2026-06-02,Consumer Cyclical,,
SELEC,2015-01-01,,Active,yfinance_refetch_2026-06-02,Healthcare,,
SELVA,2021-06-28,,Active,yfinance_refetch_2026-06-02,Consumer Defensive,,
SERNT,2025-02-04,,Active,yfinance_refetch_2026-06-02,Basic Materials,,
SEYKM,2015-08-03,,Active,yfinance_refetch_2026-06-02,Healthcare,,
SILVR,2015-01-01,,Active,yfinance_refetch_2026-06-02,Consumer Cyclical,,
SISE,2015-01-01,,Active,yfinance_refetch_2026-06-02,Industrials,,
SKBNK,2015-01-01,,Active,yfinance_refetch_2026-06-02,Financial Services,,
SKTAS,2015-01-01,,Active,yfinance_refetch_2026-06-02,Consumer Cyclical,,
SKYLP,2015-01-01,,Active,yfinance_refetch_2026-06-02,Industrials,,
SKYMD,2024-03-21,,Active,yfinance_refetch_2026-06-02,Financial Services,,
SMART,2019-05-16,,Active,yfinance_refetch_2026-06-02,Technology,,
SMRTG,2022-03-24,,Active,yfinance_refetch_2026-06-02,Technology,,Auto-populated from SMRTG.csv first trading date
SMRVA,2024-12-23,,Active,yfinance_refetch_2026-06-02,Financial Services,,
SNGYO,2015-01-01,,Active,yfinance_refetch_2026-06-02,Real Estate,,
SNICA,2022-11-24,,Active,yfinance_refetch_2026-06-02,Consumer Cyclical,,
SNPAM,2015-01-01,,Active,yfinance_refetch_2026-06-02,Consumer Cyclical,,
SODSN,2015-01-01,,Active,yfinance_refetch_2026-06-02,Basic Materials,,
SOKE,2023-01-12,,Active,yfinance_refetch_2026-06-02,Consumer Defensive,,
SOKM,2018-05-18,,Active,yfinance_refetch_2026-06-02,Consumer Cyclical,,
SONME,2015-01-01,,Active,yfinance_refetch_2026-06-02,Consumer Cyclical,,
SRVGY,2015-01-01,,Active,yfinance_refetch_2026-06-02,Real Estate,,
SUMAS,2018-02-09,,Active,yfinance_refetch_2026-06-02,Basic Materials,,
SUNTK,2022-05-20,,Active,yfinance_refetch_2026-06-02,Consumer Cyclical,,
SURGY,2024-03-21,,Active,yfinance_refetch_2026-06-02,Real Estate,,
SUWEN,2022-04-21,,Active,yfinance_refetch_2026-06-02,Consumer Cyclical,,
TABGD,2023-10-26,,Active,yfinance_refetch_2026-06-02,Consumer Cyclical,,
TARKM,2024-03-21,,Active,yfinance_refetch_2026-06-02,Basic Materials,,
TATEN,2023-08-17,,Active,yfinance_refetch_2026-06-02,Utilities,,
TATGD,2015-01-01,,Active,yfinance_refetch_2026-06-02,Consumer Defensive,,
TAVHL,2015-01-01,,Active,yfinance_refetch_2026-06-02,Industrials,,
TBORG,2015-01-01,,Active,yfinance_refetch_2026-06-02,Consumer Defensive,,
TCELL,2015-01-01,,Active,yfinance_refetch_2026-06-02,Communication Services,,
TCKRC,2024-08-26,,Active,yfinance_refetch_2026-06-02,Industrials,,
TDGYO,2018-02-23,,Active,yfinance_refetch_2026-06-02,Real Estate,,
TEHOL,2015-01-01,,Active,yfinance_refetch_2026-06-02,Real Estate,,
TEKTU,2015-01-01,,Active,yfinance_refetch_2026-06-02,Consumer Cyclical,,
TERA,2022-12-26,,Active,yfinance_refetch_2026-06-02,Financial Services,,
TEZOL,2021-09-15,,Active,yfinance_refetch_2026-06-02,Basic Materials,,
TGSAS,2015-01-01,,Active,yfinance_refetch_2026-06-02,Industrials,,
THYAO,2015-01-01,,Active,yfinance_refetch_2026-06-02,Industrials,XULAS,Auto-populated from THYAO.csv first trading date
TKFEN,2015-01-01,,Active,yfinance_refetch_2026-06-02,Basic Materials,,
TKNSA,2015-01-01,,Active,yfinance_refetch_2026-06-02,Consumer Cyclical,,
TLMAN,2018-01-24,,Active,yfinance_refetch_2026-06-02,Industrials,,
TMPOL,2015-01-01,,Active,yfinance_refetch_2026-06-02,Basic Materials,,
TMSN,2015-01-01,,Active,yfinance_refetch_2026-06-02,Industrials,,
TNZTP,2023-01-11,,Active,yfinance_refetch_2026-06-02,Healthcare,,
TOASO,2015-01-01,,Active,yfinance_refetch_2026-06-02,Consumer Cyclical,,
TRCAS,2015-01-01,,Active,yfinance_refetch_2026-06-02,Utilities,,
TRGYO,2015-01-01,,Active,yfinance_refetch_2026-06-02,Real Estate,,
TRHOL,2015-01-01,,Active,yfinance_refetch_2026-06-02,Financial Services,,
TRILC,2021-03-05,,Active,yfinance_refetch_2026-06-02,Healthcare,,
TSGYO,2015-01-01,,Active,yfinance_refetch_2026-06-02,Real Estate,,
TSKB,2015-01-01,,Active,yfinance_refetch_2026-06-02,Financial Services,,
TSPOR,2015-01-01,,Active,yfinance_refetch_2026-06-02,Communication Services,,
TTKOM,2015-01-01,,Active,yfinance_refetch_2026-06-02,Communication Services,,
TTRAK,2015-01-01,,Active,yfinance_refetch_2026-06-02,Industrials,,
TUCLK,2015-01-01,,Active,yfinance_refetch_2026-06-02,Industrials,,Auto-populated from TUCLK.csv first trading date
TUKAS,2015-01-01,,Active,yfinance_refetch_2026-06-02,Consumer Defensive,,
TUPRS,2015-01-01,,Active,yfinance_refetch_2026-06-02,Energy,,Auto-populated from TUPRS.csv first trading date
TUREX,2021-04-08,,Active,yfinance_refetch_2026-06-02,Industrials,,
TURGG,2015-01-01,,Active,yfinance_refetch_2026-06-02,Real Estate,,
TURSG,2015-01-01,,Active,yfinance_refetch_2026-06-02,Financial Services,,
UFUK,2015-01-01,,Active,yfinance_refetch_2026-06-02,Real Estate,,
ULAS,2015-01-01,,Active,yfinance_refetch_2026-06-02,Consumer Cyclical,,
ULKER,2015-01-01,,Active,yfinance_refetch_2026-06-02,Consumer Defensive,,
ULUFA,2021-11-11,,Active,yfinance_refetch_2026-06-02,Unknown,,
ULUSE,2015-01-01,,Active,yfinance_refetch_2026-06-02,Industrials,,
ULUUN,2015-01-01,,Active,yfinance_refetch_2026-06-02,Consumer Defensive,,
UMPAS,2015-01-08,,Active,yfinance_refetch_2026-06-02,Financial Services,,
UNLU,2021-06-07,,Active,yfinance_refetch_2026-06-02,Financial Services,,
USAK,2015-01-01,,Active,yfinance_refetch_2026-06-02,Industrials,,
VAKBN,2015-01-01,,Active,yfinance_refetch_2026-06-02,Financial Services,,
VAKFN,2015-01-01,,Active,yfinance_refetch_2026-06-02,Financial Services,,
VAKKO,2015-01-01,,Active,yfinance_refetch_2026-06-02,Consumer Cyclical,,
VANGD,2015-01-01,,Active,yfinance_refetch_2026-06-02,Consumer Defensive,,
VBTYZ,2021-07-12,,Active,yfinance_refetch_2026-06-02,Technology,,
VERTU,2015-11-17,,Active,yfinance_refetch_2026-06-02,Financial Services,,
VERUS,2015-01-01,,Active,yfinance_refetch_2026-06-02,Basic Materials,,
VESBE,2015-01-01,,Active,yfinance_refetch_2026-06-02,Consumer Cyclical,,
VESTL,2015-01-01,,Active,yfinance_refetch_2026-06-02,Consumer Cyclical,,
VKFYO,2015-01-01,,Active,yfinance_refetch_2026-06-02,Financial Services,,
VKGYO,2015-01-01,,Active,yfinance_refetch_2026-06-02,Real Estate,,
VKING,2015-01-01,,Active,yfinance_refetch_2026-06-02,Consumer Defensive,,
VRGYO,2023-10-27,,Active,yfinance_refetch_2026-06-02,Real Estate,,
VSNMD,2025-02-11,,Active,yfinance_refetch_2026-06-02,Basic Materials,,
YAPRK,2015-01-01,,Active,yfinance_refetch_2026-06-02,Consumer Defensive,,
YATAS,2015-01-01,,Active,yfinance_refetch_2026-06-02,Consumer Cyclical,,
YAYLA,2015-01-01,,Active,yfinance_refetch_2026-06-02,Industrials,,
YBTAS,2015-01-01,,Active,yfinance_refetch_2026-06-02,Basic Materials,,
YEOTK,2021-09-03,,Active,yfinance_refetch_2026-06-02,Industrials,,
YESIL,2015-01-01,,Active,yfinance_refetch_2026-06-02,Financial Services,,
YGGYO,2015-01-01,,Active,yfinance_refetch_2026-06-02,Real Estate,,
YIGIT,2024-06-07,,Active,yfinance_refetch_2026-06-02,Industrials,,
YKBNK,2015-01-01,,Active,yfinance_refetch_2026-06-02,Financial Services,,
YKSLN,2020-01-31,,Active,yfinance_refetch_2026-06-02,Basic Materials,,
YONGA,2015-02-04,,Active,yfinance_refetch_2026-06-02,Consumer Cyclical,,
YUNSA,2015-01-01,,Active,yfinance_refetch_2026-06-02,Consumer Cyclical,,
YYAPI,2015-01-01,,Active,yfinance_refetch_2026-06-02,Industrials,,
YYLGD,2022-05-20,,Active,yfinance_refetch_2026-06-02,Consumer Defensive,,
ZEDUR,2015-01-01,,Active,yfinance_refetch_2026-06-02,Industrials,,
ZOREN,2015-01-01,,Active,yfinance_refetch_2026-06-02,Utilities,,
ZRGYO,2021-05-06,,Active,yfinance_refetch_2026-06-02,Real Estate,,
DOBUR,2015-10-29,,Active,auto-discovered,,,Auto-populated from DOBUR.csv first trading date
EFORC,2024-07-05,,Active,auto-discovered,,,Auto-populated from EFORC.csv first trading date
IPEKE,2015-10-29,,Active,auto-discovered,,,Auto-populated from IPEKE.csv first trading date
KOZAA,2015-10-29,,Active,auto-discovered,,,Auto-populated from KOZAA.csv first trading date
KOZAL,2015-10-29,,Active,auto-discovered,,,Auto-populated from KOZAL.csv first trading date
SNKRN,2015-10-29,,Active,auto-discovered,,,Auto-populated from SNKRN.csv first trading date
YGYO,2015-10-29,,Active,auto-discovered,,,Auto-populated from YGYO.csv first trading date
