Date,XU100.IS,XU100
2015-12-16,728.3141479492188,
2015-12-17,737.1151123046875,
2015-12-18,724.6001586914062,
2015-12-21,733.278076171875,
2015-12-22,731.01708984375,
2015-12-23,740.445068359375,
2015-12-24,740.5001220703125,
2015-12-25,741.89111328125,
2015-12-28,742.4280395507812,
2015-12-29,739.1220703125,
2015-12-30,732.0031127929688,
2015-12-31,717.2662353515625,
2016-01-04,705.1802978515625,
2016-01-05,706.8772583007812,
2016-01-06,711.9752197265625,
2016-01-07,714.9552001953125,
2016-01-08,706.1282958984375,
2016-01-11,710.4862060546875,
2016-01-12,717.4002075195312,
2016-01-13,725.0831298828125,
2016-01-14,719.4021606445312,
2016-01-15,710.6162109375,
2016-01-18,710.3931884765625,
2016-01-19,710.7282104492188,
2016-01-20,696.0363159179688,
2016-01-21,685.6753540039062,
2016-01-22,702.435302734375,
2016-01-25,705.3862915039062,
2016-01-26,718.085205078125,
2016-01-27,720.525146484375,
2016-01-28,724.2701416015625,
2016-01-29,734.8070678710938,
2016-02-01,734.4730834960938,
2016-02-02,725.0581665039062,
2016-02-03,732.6701049804688,
2016-02-04,745.050048828125,
2016-02-05,742.0310668945312,
2016-02-08,720.0481567382812,
2016-02-09,714.148193359375,
2016-02-10,716.1382446289062,
2016-02-11,709.4132080078125,
2016-02-12,709.3702392578125,
2016-02-15,710.0772094726562,
2016-02-16,709.4882202148438,
2016-02-17,728.0471801757812,
2016-02-18,734.4611206054688,
2016-02-19,730.150146484375,
2016-02-22,748.93505859375,
2016-02-23,754.9939575195312,
2016-02-24,740.6680908203125,
2016-02-25,752.0150146484375,
2016-02-26,749.2860107421875,
2016-02-29,758.1399536132812,
2016-03-01,759.5499877929688,
2016-03-02,767.8759155273438,
2016-03-03,768.2789306640625,
2016-03-04,771.9069213867188,
2016-03-07,774.8348999023438,
2016-03-08,776.8248291015625,
2016-03-09,787.3778686523438,
2016-03-10,790.2427978515625,
2016-03-11,793.7977905273438,
2016-03-14,801.104736328125,
2016-03-15,790.3067626953125,
2016-03-16,793.6878051757812,
2016-03-17,813.7666625976562,
2016-03-18,829.4296264648438,
2016-03-21,834.0225830078125,
2016-03-22,817.6566772460938,
2016-03-23,803.8327026367188,
2016-03-24,813.5796508789062,
2016-03-25,813.5606689453125,
2016-03-28,813.441650390625,
2016-03-29,817.3316650390625,
2016-03-30,829.173583984375,
2016-03-31,832.6755981445312,
2016-04-01,823.589599609375,
2016-04-04,838.7245483398438,
2016-04-05,829.6365966796875,
2016-04-06,815.108642578125,
2016-04-07,811.6426391601562,
2016-04-08,825.0166015625,
2016-04-11,839.8705444335938,
2016-04-12,837.1935424804688,
2016-04-13,856.9624633789062,
2016-04-14,857.8453979492188,
2016-04-15,855.7284545898438,
2016-04-18,863.4324340820312,
2016-04-19,862.5054321289062,
2016-04-20,855.4974975585938,
2016-04-21,856.7034912109375,
2016-04-22,858.2824096679688,
2016-04-25,851.0894775390625,
2016-04-26,857.5594482421875,
2016-04-27,853.7374877929688,
2016-04-28,854.7734985351562,
2016-04-29,853.2734985351562,
2016-05-02,838.2945556640625,
2016-05-03,810.6937255859375,
2016-05-04,793.82177734375,
2016-05-05,786.9838256835938,
2016-05-06,783.6768798828125,
2016-05-09,790.6167602539062,
2016-05-10,788.0198364257812,
2016-05-11,790.2738037109375,
2016-05-12,783.037841796875,
2016-05-13,778.079833984375,
2016-05-16,769.992919921875,
2016-05-17,772.7678833007812,
2016-05-18,772.4349365234375,
2016-05-20,763.572998046875,
2016-05-23,767.6549072265625,
2016-05-24,794.341796875,
2016-05-25,786.0868530273438,
2016-05-26,780.3518676757812,
2016-05-27,780.2848510742188,
2016-05-30,785.3478393554688,
2016-05-31,778.0298461914062,
2016-06-01,770.3449096679688,
2016-06-02,762.7169799804688,
2016-06-03,781.390869140625,
2016-06-06,785.923828125,
2016-06-07,781.5718383789062,
2016-06-08,788.3228149414062,
2016-06-09,777.1128540039062,
2016-06-10,768.868896484375,
2016-06-13,765.337890625,
2016-06-14,757.5909423828125,
2016-06-15,762.3699951171875,
2016-06-16,746.7130126953125,
2016-06-17,754.3009643554688,
2016-06-20,775.2269287109375,
2016-06-21,775.3099365234375,
2016-06-22,772.6708984375,
2016-06-23,779.8948364257812,
2016-06-24,753.6559448242188,
2016-06-27,751.6080322265625,
2016-06-28,769.2889404296875,
2016-06-29,767.1159057617188,
2016-06-30,768.1679077148438,
2016-07-01,779.516845703125,
2016-07-04,783.8728637695312,
2016-07-08,780.1908569335938,
2016-07-11,792.3457641601562,
2016-07-12,811.4116821289062,
2016-07-13,813.212646484375,
2016-07-14,825.8936157226562,
2016-07-15,828.2496337890625,
2016-07-18,769.5718994140625,
2016-07-19,761.7739868164062,
2016-07-20,749.0240478515625,
2016-07-21,715.9462280273438,
2016-07-22,717.3801879882812,
2016-07-25,741.736083984375,
2016-07-26,736.8900756835938,
2016-07-27,750.7530517578125,
2016-07-28,752.43701171875,
2016-07-29,754.0509643554688,
2016-08-01,767.1129150390625,
2016-08-02,758.0349731445312,
2016-08-03,745.5180053710938,
2016-08-04,761.251953125,
2016-08-05,760.6529541015625,
2016-08-08,777.786865234375,
2016-08-09,785.244873046875,
2016-08-10,779.5528564453125,
2016-08-11,790.331787109375,
2016-08-12,782.2818603515625,
2016-08-15,784.7218627929688,
2016-08-16,777.0668334960938,
2016-08-17,781.473876953125,
2016-08-18,779.704833984375,
2016-08-19,781.4518432617188,
2016-08-22,779.5288696289062,
2016-08-23,773.3319091796875,
2016-08-24,761.1589965820312,
2016-08-25,767.8948974609375,
2016-08-26,771.1929321289062,
2016-08-29,761.1839599609375,
2016-08-31,759.6719970703125,
2016-09-01,758.5239868164062,
2016-09-02,768.8389282226562,
2016-09-05,777.911865234375,
2016-09-06,779.94384765625,
2016-09-07,776.4279174804688,
2016-09-08,778.4308471679688,
2016-09-09,770.5308837890625,
2016-09-16,760.198974609375,
2016-09-19,776.703857421875,
2016-09-20,773.1309204101562,
2016-09-21,779.1548461914062,
2016-09-22,797.9547729492188,
2016-09-23,797.559814453125,
2016-09-26,767.2529296875,
2016-09-27,771.6029052734375,
2016-09-28,776.7738647460938,
2016-09-29,770.763916015625,
2016-09-30,764.8799438476562,
2016-10-03,772.2499389648438,
2016-10-04,770.5739135742188,
2016-10-05,778.5328369140625,
2016-10-06,778.94287109375,
2016-10-07,779.755859375,
2016-10-10,778.348876953125,
2016-10-11,776.431884765625,
2016-10-12,774.60888671875,
2016-10-13,768.0989379882812,
2016-10-14,775.5379028320312,
2016-10-17,774.3718872070312,
2016-10-18,783.3998413085938,
2016-10-19,792.0947875976562,
2016-10-20,792.519775390625,
2016-10-21,788.4328002929688,
2016-10-24,799.32177734375,
2016-10-25,794.3287963867188,
2016-10-26,793.9747924804688,
2016-10-27,787.3878784179688,
2016-10-28,783.3248291015625,
2016-10-31,785.3578491210938,
2016-11-01,774.2819213867188,
2016-11-02,771.7119140625,
2016-11-03,766.8099365234375,
2016-11-04,742.6680297851562,
2016-11-07,756.8159790039062,
2016-11-08,763.6739501953125,
2016-11-09,762.0859985351562,
2016-11-10,763.5999755859375,
2016-11-11,751.738037109375,
2016-11-14,744.18701171875,
2016-11-15,751.5020141601562,
2016-11-16,747.5870361328125,
2016-11-17,751.3580322265625,
2016-11-18,756.385986328125,
2016-11-21,755.4319458007812,
2016-11-22,758.115966796875,
2016-11-23,750.3650512695312,
2016-11-24,741.9271240234375,
2016-11-25,743.6310424804688,
2016-11-28,749.8980102539062,
2016-11-29,742.0510864257812,
2016-11-30,739.9481201171875,
2016-12-01,725.1951293945312,
2016-12-02,733.9050903320312,
2016-12-05,735.9931030273438,
2016-12-06,754.3289794921875,
2016-12-07,760.303955078125,
2016-12-08,759.2890014648438,
2016-12-09,757.2689819335938,
2016-12-12,762.3919677734375,
2016-12-13,769.9489135742188,
2016-12-14,768.804931640625,
2016-12-15,776.7818603515625,
2016-12-16,775.8928833007812,
2016-12-19,771.5739135742188,
2016-12-20,778.0748291015625,
2016-12-21,776.19091796875,
2016-12-22,774.0429077148438,
2016-12-23,769.7178955078125,
2016-12-26,770.2808837890625,
2016-12-27,766.9899291992188,
2016-12-28,775.472900390625,
2016-12-29,778.3548583984375,
2016-12-30,781.3828735351562,
2017-01-02,777.5408325195312,
2017-01-03,766.1779174804688,
2017-01-04,761.4319458007812,
2017-01-05,763.8589477539062,
2017-01-06,771.0618896484375,
2017-01-09,773.9398803710938,
2017-01-10,773.9329223632812,
2017-01-11,776.661865234375,
2017-01-12,808.9057006835938,
2017-01-13,815.2386474609375,
2017-01-16,817.1126708984375,
2017-01-17,823.6235961914062,
2017-01-18,827.7886352539062,
2017-01-19,822.9985961914062,
2017-01-20,830.6676025390625,
2017-01-23,830.4736328125,
2017-01-24,842.0745239257812,
2017-01-25,831.2786254882812,
2017-01-26,838.2605590820312,
2017-01-27,838.26953125,
2017-01-30,862.3704223632812,
2017-01-31,862.952392578125,
2017-02-01,868.4754028320312,
2017-02-02,873.9373779296875,
2017-02-03,883.8903198242188,
2017-02-06,873.5743408203125,
2017-02-07,874.7623901367188,
2017-02-08,882.486328125,
2017-02-09,888.2973022460938,
2017-02-10,874.7283325195312,
2017-02-13,885.7783203125,
2017-02-14,880.8173217773438,
2017-02-15,878.8153686523438,
2017-02-16,881.8643188476562,
2017-02-17,888.29931640625,
2017-02-20,885.872314453125,
2017-02-21,889.6463012695312,
2017-02-22,885.3082885742188,
2017-02-23,891.3792724609375,
2017-02-24,882.580322265625,
2017-02-27,877.6493530273438,
2017-02-28,874.7783813476562,
2017-03-01,893.1982421875,
2017-03-02,899.334228515625,
2017-03-03,897.2162475585938,
2017-03-06,910.4451904296876,
2017-03-07,908.1311645507812,
2017-03-08,894.84423828125,
2017-03-09,890.0213012695312,
2017-03-10,896.1092529296875,
2017-03-13,894.292236328125,
2017-03-14,891.3602905273438,
2017-03-15,894.4512329101562,
2017-03-16,902.67822265625,
2017-03-17,904.9091796875,
2017-03-20,909.0161743164062,
2017-03-21,906.0601806640624,
2017-03-22,898.0862426757812,
2017-03-23,897.63623046875,
2017-03-24,903.8222045898438,
2017-03-27,896.9462280273438,
2017-03-28,901.812255859375,
2017-03-29,892.6922607421875,
2017-03-30,892.8182373046875,
2017-03-31,889.4692993164062,
2017-04-03,886.6903076171875,
2017-04-04,886.1212768554688,
2017-04-05,890.3703002929688,
2017-04-06,886.7852783203125,
2017-04-07,884.9683227539062,
2017-04-10,912.4002075195312,
2017-04-11,909.0401611328124,
2017-04-12,909.5171508789062,
2017-04-13,898.7022094726562,
2017-04-14,900.6322631835938,
2017-04-17,906.533203125,
2017-04-18,913.733154296875,
2017-04-19,908.0361938476562,
2017-04-20,920.3890991210938,
2017-04-21,924.234130859375,
2017-04-24,938.0230102539062,
2017-04-25,946.343994140625,
2017-04-26,945.218017578125,
2017-04-27,942.8200073242188,
2017-04-28,946.5479736328124,
2017-05-02,943.5540161132812,
2017-05-03,938.6220092773438,
2017-05-04,930.3800659179688,
2017-05-05,939.2789916992188,
2017-05-08,938.322021484375,
2017-05-09,953.2289428710938,
2017-05-10,961.9368896484376,
2017-05-11,951.1359252929688,
2017-05-12,949.9589233398438,
2017-05-15,955.8729248046876,
2017-05-16,961.60986328125,
2017-05-17,957.2449340820312,
2017-05-18,951.4679565429688,
2017-05-22,963.994873046875,
2017-05-23,977.1697998046876,
2017-05-24,983.1328125,
2017-05-25,977.1238403320312,
2017-05-26,975.3278198242188,
2017-05-29,977.2548217773438,
2017-05-30,973.4708251953124,
2017-05-31,975.4108276367188,
2017-06-01,973.65283203125,
2017-06-02,988.6737670898438,
2017-06-05,981.914794921875,
2017-06-06,983.309814453125,
2017-06-07,976.1597900390624,
2017-06-08,979.7698364257812,
2017-06-09,989.4237670898438,
2017-06-12,994.415771484375,
2017-06-13,992.9917602539062,
2017-06-14,996.357666015625,
2017-06-15,987.36474609375,
2017-06-16,981.9208374023438,
2017-06-19,993.3157348632812,
2017-06-20,992.687744140625,
2017-06-21,993.895751953125,
2017-06-22,1000.7166748046876,
2017-06-23,996.3817138671876,
2017-06-28,1006.1716918945312,
2017-06-29,1001.897705078125,
2017-06-30,1004.398681640625,
2017-07-03,1005.2177124023438,
2017-07-04,1012.0726318359376,
2017-07-05,1007.4396362304688,
2017-07-06,1006.2647094726562,
2017-07-07,1000.8386840820312,
2017-07-10,1010.9666137695312,
2017-07-11,1031.820556640625,
2017-07-12,1038.092529296875,
2017-07-13,1042.0965576171875,
2017-07-14,1051.7513427734375,
2017-07-17,1062.1644287109375,
2017-07-18,1057.1773681640625,
2017-07-19,1074.1693115234375,
2017-07-20,1067.350341796875,
2017-07-21,1068.42236328125,
2017-07-24,1067.099365234375,
2017-07-25,1070.4012451171875,
2017-07-26,1072.0562744140625,
2017-07-27,1083.9112548828125,
2017-07-28,1076.9912109375,
2017-07-31,1075.3082275390625,
2017-08-01,1061.4683837890625,
2017-08-02,1065.2484130859375,
2017-08-03,1071.5322265625,
2017-08-04,1085.447265625,
2017-08-07,1097.80517578125,
2017-08-08,1096.3851318359375,
2017-08-09,1087.1402587890625,
2017-08-10,1077.998291015625,
2017-08-11,1069.6253662109375,
2017-08-14,1095.3681640625,
2017-08-15,1069.12744140625,
2017-08-16,1068.6143798828125,
2017-08-17,1068.2474365234375,
2017-08-18,1072.018310546875,
2017-08-21,1086.143310546875,
2017-08-22,1085.939208984375,
2017-08-23,1089.521240234375,
2017-08-24,1091.533203125,
2017-08-25,1097.545166015625,
2017-08-28,1103.3941650390625,
2017-08-29,1104.22509765625,
2017-08-31,1100.09912109375,
2017-09-05,1088.7242431640625,
2017-09-06,1096.1121826171875,
2017-09-07,1097.4241943359375,
2017-09-08,1084.51123046875,
2017-09-11,1094.5740966796875,
2017-09-12,1091.291259765625,
2017-09-13,1081.54931640625,
2017-09-14,1082.436279296875,
2017-09-15,1077.4112548828125,
2017-09-18,1065.34033203125,
2017-09-19,1049.17236328125,
2017-09-20,1053.2314453125,
2017-09-21,1040.0064697265625,
2017-09-22,1041.2235107421875,
2017-09-25,1022.6965942382812,
2017-09-26,1039.2874755859375,
2017-09-27,1012.1776123046876,
2017-09-28,1026.5054931640625,
2017-09-29,1029.071533203125,
2017-10-02,1039.301513671875,
2017-10-03,1039.070556640625,
2017-10-04,1045.4735107421875,
2017-10-05,1043.3375244140625,
2017-10-06,1041.3695068359375,
2017-10-09,1012.974609375,
2017-10-10,1033.9344482421875,
2017-10-11,1038.154541015625,
2017-10-12,1059.3173828125,
2017-10-13,1062.2513427734375,
2017-10-16,1064.7393798828125,
2017-10-17,1069.9034423828125,
2017-10-18,1069.2584228515625,
2017-10-19,1084.330322265625,
2017-10-20,1084.8812255859375,
2017-10-23,1073.0272216796875,
2017-10-24,1072.0572509765625,
2017-10-25,1083.542236328125,
2017-10-26,1073.34228515625,
2017-10-27,1078.834228515625,
2017-10-30,1084.6622314453125,
2017-10-31,1101.420166015625,
2017-11-01,1130.237060546875,
2017-11-02,1129.9429931640625,
2017-11-03,1112.922119140625,
2017-11-06,1141.65087890625,
2017-11-07,1122.7130126953125,
2017-11-08,1118.93896484375,
2017-11-09,1102.4591064453125,
2017-11-10,1089.48828125,
2017-11-13,1088.5902099609375,
2017-11-14,1101.4791259765625,
2017-11-15,1077.1593017578125,
2017-11-16,1069.7613525390625,
2017-11-17,1062.389404296875,
2017-11-20,1039.113525390625,
2017-11-21,1052.67236328125,
2017-11-22,1059.63037109375,
2017-11-23,1050.25537109375,
2017-11-24,1045.3885498046875,
2017-11-27,1047.5914306640625,
2017-11-28,1020.674560546875,
2017-11-29,1023.41259765625,
2017-11-30,1039.8385009765625,
2017-12-01,1035.58447265625,
2017-12-04,1052.1434326171875,
2017-12-05,1062.5943603515625,
2017-12-06,1053.0333251953125,
2017-12-07,1064.4693603515625,
2017-12-08,1079.207275390625,
2017-12-11,1091.5592041015625,
2017-12-12,1090.4892578125,
2017-12-13,1081.5262451171875,
2017-12-14,1096.6580810546875,
2017-12-15,1093.296142578125,
2017-12-18,1102.47314453125,
2017-12-19,1101.76513671875,
2017-12-20,1104.5411376953125,
2017-12-21,1112.714111328125,
2017-12-22,1110.9891357421875,
2017-12-26,1120.06103515625,
2017-12-27,1121.490966796875,
2017-12-28,1144.7989501953125,
2017-12-29,1153.3238525390625,
2018-01-02,1175.2357177734375,
2018-01-03,1160.515869140625,
2018-01-04,1154.9058837890625,
2018-01-05,1166.372802734375,
2018-01-08,1163.038818359375,
2018-01-09,1150.221923828125,
2018-01-10,1135.8890380859375,
2018-01-11,1147.181884765625,
2018-01-12,1146.43994140625,
2018-01-15,1121.5860595703125,
2018-01-16,1144.1778564453125,
2018-01-17,1165.9188232421875,
2018-01-18,1168.5538330078125,
2018-01-19,1151.46484375,
2018-01-22,1172.3487548828125,
2018-01-23,1183.9947509765625,
2018-01-24,1196.4776611328125,
2018-01-25,1186.03466796875,
2018-01-26,1207.0126953125,
2018-01-29,1208.446533203125,
2018-01-30,1193.024658203125,
2018-01-31,1195.2816162109375,
2018-02-01,1190.4376220703125,
2018-02-02,1181.187744140625,
2018-02-05,1168.520751953125,
2018-02-06,1154.56689453125,
2018-02-07,1155.6959228515625,
2018-02-08,1142.62890625,
2018-02-09,1135.89697265625,
2018-02-12,1148.2098388671875,
2018-02-13,1144.9388427734375,
2018-02-14,1134.5440673828125,
2018-02-15,1162.249755859375,
2018-02-16,1165.103759765625,
2018-02-19,1158.8138427734375,
2018-02-20,1134.322998046875,
2018-02-21,1163.15380859375,
2018-02-22,1168.40283203125,
2018-02-23,1175.208740234375,
2018-02-26,1187.91259765625,
2018-02-27,1188.3096923828125,
2018-02-28,1189.501708984375,
2018-03-01,1176.3148193359375,
2018-03-02,1168.5858154296875,
2018-03-05,1169.455810546875,
2018-03-06,1167.0927734375,
2018-03-07,1168.417724609375,
2018-03-08,1165.664794921875,
2018-03-09,1169.1387939453125,
2018-03-12,1184.1077880859375,
2018-03-13,1182.6627197265625,
2018-03-14,1175.9207763671875,
2018-03-15,1172.0087890625,
2018-03-16,1172.15673828125,
2018-03-19,1154.4969482421875,
2018-03-20,1164.311767578125,
2018-03-21,1176.5067138671875,
2018-03-22,1171.0968017578125,
2018-03-23,1166.021728515625,
2018-03-26,1164.19677734375,
2018-03-27,1161.9588623046875,
2018-03-28,1141.286865234375,
2018-03-29,1148.43994140625,
2018-03-30,1149.2958984375,
2018-04-02,1144.4149169921875,
2018-04-03,1145.9349365234375,
2018-04-04,1139.7498779296875,
2018-04-05,1149.4698486328125,
2018-04-06,1147.368896484375,
2018-04-09,1131.5550537109375,
2018-04-10,1107.12109375,
2018-04-11,1092.5262451171875,
2018-04-12,1102.34814453125,
2018-04-13,1096.0341796875,
2018-04-16,1106.87109375,
2018-04-17,1087.4422607421875,
2018-04-18,1120.9840087890625,
2018-04-19,1121.216064453125,
2018-04-20,1109.319091796875,
2018-04-24,1100.5802001953125,
2018-04-25,1074.00830078125,
2018-04-26,1070.145263671875,
2018-04-27,1076.13720703125,
2018-04-30,1042.822509765625,
2018-05-02,1047.2513427734375,
2018-05-03,1029.08544921875,
2018-05-04,1025.9864501953125,
2018-05-07,1008.6566162109376,
2018-05-08,993.6327514648438,
2018-05-09,1007.8006591796876,
2018-05-10,1023.8015747070312,
2018-05-11,1018.5195922851562,
2018-05-14,1033.698486328125,
2018-05-15,1015.3986206054688,
2018-05-16,1021.5735473632812,
2018-05-17,1018.6885375976562,
2018-05-18,1024.0975341796875,
2018-05-21,1022.5715942382812,
2018-05-22,1033.271484375,
2018-05-23,1018.9115600585938,
2018-05-24,1011.3756103515624,
2018-05-25,1031.9954833984375,
2018-05-28,1065.2474365234375,
2018-05-29,1051.12841796875,
2018-05-30,1038.6844482421875,
2018-05-31,1006.5177001953124,
2018-06-01,991.7067260742188,
2018-06-04,992.4927368164062,
2018-06-05,978.226806640625,
2018-06-06,966.5718994140624,
2018-06-07,986.2317504882812,
2018-06-08,958.751953125,
2018-06-11,966.60888671875,
2018-06-12,953.06494140625,
2018-06-13,935.0430297851562,
2018-06-14,945.4030151367188,
2018-06-18,930.4280395507812,
2018-06-19,944.364013671875,
2018-06-20,945.5139770507812,
2018-06-21,950.5669555664062,
2018-06-22,958.5159301757812,
2018-06-25,940.0780029296876,
2018-06-26,944.0769653320312,
2018-06-27,959.5429077148438,
2018-06-28,962.264892578125,
2018-06-29,965.1958618164062,
2018-07-02,967.7298583984376,
2018-07-03,965.8768920898438,
2018-07-04,972.2958374023438,
2018-07-05,990.9647216796876,
2018-07-06,987.333740234375,
2018-07-09,992.5227661132812,
2018-07-10,962.7418823242188,
2018-07-11,912.8901977539062,
2018-07-12,895.708251953125,
2018-07-13,898.9722290039062,
2018-07-16,897.4352416992188,
2018-07-17,916.2911376953124,
2018-07-18,923.215087890625,
2018-07-19,930.0240478515624,
2018-07-20,940.8179931640624,
2018-07-23,953.0469360351562,
2018-07-24,921.3331298828124,
2018-07-25,953.680908203125,
2018-07-26,948.16796875,
2018-07-27,955.8429565429688,
2018-07-30,961.5718994140624,
2018-07-31,969.516845703125,
2018-08-01,972.1008911132812,
2018-08-02,945.427978515625,
2018-08-03,956.0999145507812,
2018-08-06,941.7349853515624,
2018-08-07,961.6048583984376,
2018-08-08,969.73388671875,
2018-08-09,971.8458862304688,
2018-08-10,949.3909301757812,
2018-08-13,926.841064453125,
2018-08-14,934.1820678710938,
2018-08-15,902.625244140625,
2018-08-16,871.4273681640625,
2018-08-17,887.3433227539062,
2018-08-20,901.855224609375,
2018-08-27,912.835205078125,
2018-08-28,938.6640014648438,
2018-08-29,932.8020629882812,
2018-08-31,927.2290649414062,
2018-09-03,939.1510009765624,
2018-09-04,931.8880615234376,
2018-09-05,927.905029296875,
2018-09-06,927.6280517578124,
2018-09-07,932.737060546875,
2018-09-10,916.9780883789062,
2018-09-11,923.8861083984376,
2018-09-12,922.2691040039062,
2018-09-13,944.18701171875,
2018-09-14,947.5910034179688,
2018-09-17,943.4719848632812,
2018-09-18,948.864013671875,
2018-09-19,966.0328979492188,
2018-09-20,961.2058715820312,
2018-09-21,979.8768310546876,
2018-09-24,995.4686889648438,
2018-09-25,992.9197387695312,
2018-09-26,991.4837646484376,
2018-09-27,1002.981689453125,
2018-09-28,999.5636596679688,
2018-10-01,985.3667602539062,
2018-10-02,981.601806640625,
2018-10-03,971.8739013671876,
2018-10-04,944.9630126953124,
2018-10-05,948.8300170898438,
2018-10-08,960.8678588867188,
2018-10-09,967.3128662109376,
2018-10-10,944.4019775390624,
2018-10-11,947.469970703125,
2018-10-12,966.56884765625,
2018-10-15,986.3077392578124,
2018-10-16,984.6587524414062,
2018-10-17,989.9047241210938,
2018-10-18,974.5347900390624,
2018-10-19,964.5408935546876,
2018-10-22,946.81201171875,
2018-10-23,934.68505859375,
2018-10-24,926.9170532226562,
2018-10-25,937.4720458984376,
2018-10-26,905.41015625,
2018-10-30,899.9942626953125,
2018-10-31,902.0022583007812,
2018-11-01,923.869140625,
2018-11-02,941.2249755859376,
2018-11-05,959.471923828125,
2018-11-06,947.27197265625,
2018-11-07,954.9279174804688,
2018-11-08,935.0570678710938,
2018-11-09,928.3870849609376,
2018-11-12,914.4481811523438,
2018-11-13,927.0810546875,
2018-11-14,932.8670654296876,
2018-11-15,932.9630737304688,
2018-11-16,936.1600341796876,
2018-11-19,945.7039794921876,
2018-11-20,916.859130859375,
2018-11-21,927.0750732421876,
2018-11-22,926.2830810546876,
2018-11-23,930.028076171875,
2018-11-26,939.6190185546876,
2018-11-27,935.1650390625,
2018-11-28,940.7050170898438,
2018-11-29,951.2509155273438,
2018-11-30,954.1549072265624,
2018-12-03,949.7399291992188,
2018-12-04,938.7999877929688,
2018-12-05,939.697021484375,
2018-12-06,928.26806640625,
2018-12-07,936.9900512695312,
2018-12-10,922.2681274414062,
2018-12-11,918.0040893554688,
2018-12-12,900.5062255859375,
2018-12-13,913.8601684570312,
2018-12-14,905.2811889648438,
2018-12-17,899.6142578125,
2018-12-18,910.7362060546876,
2018-12-19,925.5220947265624,
2018-12-20,918.5361328125,
2018-12-21,918.6030883789062,
2018-12-24,915.2640991210938,
2018-12-26,910.0171508789062,
2018-12-27,909.7431640625,
2018-12-28,904.3482055664062,
2018-12-31,912.7001953125,
2019-01-02,888.6453247070312,
2019-01-03,873.9853515625,
2019-01-04,888.3032836914062,
2019-01-07,899.5062255859375,
2019-01-08,906.9651489257812,
2019-01-09,911.5641479492188,
2019-01-10,911.9581909179688,
2019-01-11,916.8651123046876,
2019-01-14,920.5331420898438,
2019-01-15,931.72802734375,
2019-01-16,954.1099243164062,
2019-01-17,968.1688842773438,
2019-01-18,984.5437622070312,
2019-01-21,979.5468139648438,
2019-01-22,996.7656860351562,
2019-01-23,1001.4046630859376,
2019-01-24,1017.7376098632812,
2019-01-25,1018.0086059570312,
2019-01-28,1012.8926391601562,
2019-01-29,1040.978515625,
2019-01-30,1041.8895263671875,
2019-01-31,1040.7364501953125,
2019-02-01,1029.365478515625,
2019-02-04,1022.5445556640624,
2019-02-05,1024.478515625,
2019-02-06,1025.8375244140625,
2019-02-07,1027.83447265625,
2019-02-08,1024.511474609375,
2019-02-11,1043.9415283203125,
2019-02-12,1037.6195068359375,
2019-02-13,1016.45263671875,
2019-02-14,1021.2945556640624,
2019-02-15,1027.14453125,
2019-02-18,1017.2796020507812,
2019-02-19,1017.4156494140624,
2019-02-20,1019.7075805664062,
2019-02-21,1024.9344482421875,
2019-02-22,1031.8515625,
2019-02-25,1043.2955322265625,
2019-02-26,1050.8173828125,
2019-02-27,1041.404541015625,
2019-02-28,1045.29345703125,
2019-03-01,1032.6605224609375,
2019-03-04,1041.927490234375,
2019-03-05,1037.300537109375,
2019-03-06,1034.5235595703125,
2019-03-07,1022.8215942382812,
2019-03-08,1015.3776245117188,
2019-03-11,1008.4986572265624,
2019-03-12,1017.2056274414062,
2019-03-13,1021.9605712890624,
2019-03-14,1024.3175048828125,
2019-03-15,1033.0355224609375,
2019-03-18,1045.9415283203125,
2019-03-19,1048.6103515625,
2019-03-20,1033.0965576171875,
2019-03-21,1034.072509765625,
2019-03-22,998.3477172851562,
2019-03-25,993.2537231445312,
2019-03-26,973.7808227539062,
2019-03-27,918.546142578125,
2019-03-28,921.1981201171876,
2019-03-29,937.8369750976562,
2019-04-01,941.0079956054688,
2019-04-02,935.3260498046876,
2019-04-03,944.406005859375,
2019-04-04,983.3638305664062,
2019-04-05,987.8287353515624,
2019-04-08,969.7778930664062,
2019-04-09,981.3478393554688,
2019-04-10,970.1448974609376,
2019-04-11,960.724853515625,
2019-04-12,959.762939453125,
2019-04-15,951.9119262695312,
2019-04-16,968.0848999023438,
2019-04-17,982.0267944335938,
2019-04-18,968.85986328125,
2019-04-19,968.60888671875,
2019-04-22,959.52294921875,
2019-04-24,961.4168701171876,
2019-04-25,944.97998046875,
2019-04-26,947.8259887695312,
2019-04-29,945.3460083007812,
2019-04-30,954.1509399414062,
2019-05-02,941.7890014648438,
2019-05-03,939.4559936523438,
2019-05-06,929.8180541992188,
2019-05-07,914.8201293945312,
2019-05-08,902.7172241210938,
2019-05-09,886.8543090820312,
2019-05-10,885.3292846679688,
2019-05-13,862.8204345703125,
2019-05-14,880.2243041992188,
2019-05-15,873.7993774414062,
2019-05-16,872.0343627929688,
2019-05-17,867.9564208984375,
2019-05-20,867.71044921875,
2019-05-21,853.0914916992188,
2019-05-22,836.74853515625,
2019-05-23,845.9574584960938,
2019-05-24,860.7184448242188,
2019-05-27,855.449462890625,
2019-05-28,867.7714233398438,
2019-05-29,871.8583374023438,
2019-05-30,900.1112670898438,
2019-05-31,905.8921508789062,
2019-06-03,903.451171875,
2019-06-07,938.0859985351562,
2019-06-10,941.0260009765624,
2019-06-11,928.2510375976562,
2019-06-12,926.0531005859376,
2019-06-13,905.0101928710938,
2019-06-14,907.8651733398438,
2019-06-17,922.4931030273438,
2019-06-18,942.1820068359376,
2019-06-19,942.4359741210938,
2019-06-20,941.572021484375,
2019-06-21,940.218017578125,
2019-06-24,951.8199462890624,
2019-06-25,954.2059326171876,
2019-06-26,948.3070068359376,
2019-06-27,955.7259521484376,
2019-06-28,964.847900390625,
2019-07-01,997.3516845703124,
2019-07-02,1002.0046997070312,
2019-07-03,993.6277465820312,
2019-07-04,993.8167724609376,
2019-07-05,996.3427124023438,
2019-07-08,986.94873046875,
2019-07-09,968.1068725585938,
2019-07-10,985.8477783203124,
2019-07-11,994.0587768554688,
2019-07-12,970.9778442382812,
2019-07-16,980.27978515625,
2019-07-17,998.0567016601562,
2019-07-18,1015.6576538085938,
2019-07-19,1018.486572265625,
2019-07-22,1010.8816528320312,
2019-07-23,1025.5565185546875,
2019-07-24,1034.5675048828125,
2019-07-25,1020.444580078125,
2019-07-26,1028.366455078125,
2019-07-29,1033.7254638671875,
2019-07-30,1026.85546875,
2019-07-31,1020.819580078125,
2019-08-01,1018.99755859375,
2019-08-02,996.7886962890624,
2019-08-05,986.7277221679688,
2019-08-06,995.8327026367188,
2019-08-07,980.559814453125,
2019-08-08,992.0797729492188,
2019-08-09,994.0447387695312,
2019-08-15,965.7818603515624,
2019-08-16,957.3369140625,
2019-08-19,952.85693359375,
2019-08-20,960.3129272460938,
2019-08-21,955.2159423828124,
2019-08-22,953.9369506835938,
2019-08-23,971.48486328125,
2019-08-26,971.0078735351562,
2019-08-27,960.2999267578124,
2019-08-28,959.0789184570312,
2019-08-29,967.1798706054688,
2019-09-02,983.423828125,
2019-09-03,988.2557373046876,
2019-09-04,1000.7697143554688,
2019-09-05,1002.7786865234376,
2019-09-06,989.8697509765624,
2019-09-09,1006.044677734375,
2019-09-10,1012.1236572265624,
2019-09-11,1019.216552734375,
2019-09-12,1024.467529296875,
2019-09-13,1030.7125244140625,
2019-09-16,1025.8914794921875,
2019-09-17,1014.4686279296876,
2019-09-18,1019.2955932617188,
2019-09-19,1003.3826904296876,
2019-09-20,1002.3616943359376,
2019-09-23,1000.20166015625,
2019-09-24,1018.4635620117188,
2019-09-25,1026.178466796875,
2019-09-26,1019.3975830078124,
2019-09-27,1051.516357421875,
2019-09-30,1050.3243408203125,
2019-10-01,1038.760498046875,
2019-10-02,1035.0865478515625,
2019-10-03,1027.8375244140625,
2019-10-04,1034.6295166015625,
2019-10-07,1029.926513671875,
2019-10-08,1018.5875854492188,
2019-10-09,996.481689453125,
2019-10-10,987.7987670898438,
2019-10-11,990.2727661132812,
2019-10-14,939.8090209960938,
2019-10-15,952.5709228515624,
2019-10-16,941.3670043945312,
2019-10-17,948.9569702148438,
2019-10-18,984.1477661132812,
2019-10-21,973.2348022460938,
2019-10-22,978.8588256835938,
2019-10-23,997.8466796875,
2019-10-24,1003.45068359375,
2019-10-25,1002.1546630859376,
2019-10-28,998.377685546875,
2019-10-30,986.9147338867188,
2019-10-31,984.6797485351562,
2019-11-01,984.6217651367188,
2019-11-04,1000.8726806640624,
2019-11-05,1005.2476806640624,
2019-11-06,1011.431640625,
2019-11-07,1035.4384765625,
2019-11-08,1031.5264892578125,
2019-11-11,1031.1795654296875,
2019-11-12,1039.718505859375,
2019-11-13,1048.2763671875,
2019-11-14,1037.800537109375,
2019-11-15,1053.7913818359375,
2019-11-18,1068.4564208984375,
2019-11-19,1075.28125,
2019-11-20,1067.8453369140625,
2019-11-21,1068.04638671875,
2019-11-22,1065.87841796875,
2019-11-25,1053.8193359375,
2019-11-26,1059.825439453125,
2019-11-27,1058.4364013671875,
2019-11-28,1071.2562255859375,
2019-11-29,1069.0313720703125,
2019-12-02,1080.0372314453125,
2019-12-03,1067.8934326171875,
2019-12-04,1077.0072021484375,
2019-12-05,1086.584228515625,
2019-12-06,1088.685302734375,
2019-12-09,1087.855224609375,
2019-12-10,1080.1092529296875,
2019-12-11,1079.2113037109375,
2019-12-12,1101.14111328125,
2019-12-13,1104.7601318359375,
2019-12-16,1111.2491455078125,
2019-12-17,1110.731201171875,
2019-12-18,1105.7410888671875,
2019-12-19,1105.9881591796875,
2019-12-20,1111.7620849609375,
2019-12-23,1121.7459716796875,
2019-12-24,1131.529052734375,
2019-12-26,1136.5240478515625,
2019-12-27,1136.830078125,
2019-12-30,1147.533935546875,
2019-12-31,1144.243896484375,
2020-01-02,1159.31494140625,
2020-01-03,1136.833984375,
2020-01-06,1114.12109375,
2020-01-07,1125.9930419921875,
2020-01-08,1128.7550048828125,
2020-01-09,1179.8988037109375,
2020-01-10,1186.630615234375,
2020-01-13,1202.483642578125,
2020-01-14,1214.2265625,
2020-01-15,1209.3814697265625,
2020-01-16,1210.0025634765625,
2020-01-17,1214.7415771484375,
2020-01-20,1226.1915283203125,
2020-01-21,1235.554443359375,
2020-01-22,1227.4644775390625,
2020-01-23,1225.3955078125,
2020-01-24,1221.4114990234375,
2020-01-27,1201.4906005859375,
2020-01-28,1198.0096435546875,
2020-01-29,1196.888671875,
2020-01-30,1198.4906005859375,
2020-01-31,1191.3946533203125,
2020-02-03,1192.421630859375,
2020-02-04,1221.3555908203125,
2020-02-05,1223.2015380859375,
2020-02-06,1222.83251953125,
2020-02-07,1210.14453125,
2020-02-10,1183.4088134765625,
2020-02-11,1197.9716796875,
2020-02-12,1200.480712890625,
2020-02-13,1205.398681640625,
2020-02-14,1201.5076904296875,
2020-02-17,1207.91259765625,
2020-02-18,1195.734619140625,
2020-02-19,1191.9547119140625,
2020-02-20,1156.4139404296875,
2020-02-21,1168.2877197265625,
2020-02-24,1147.8858642578125,
2020-02-25,1143.638916015625,
2020-02-26,1151.7069091796875,
2020-02-27,1104.1781005859375,
2020-02-28,1059.931396484375,
2020-03-02,1073.09326171875,
2020-03-03,1112.067138671875,
2020-03-04,1107.84814453125,
2020-03-05,1118.14501953125,
2020-03-06,1095.9991455078125,
2020-03-09,1035.2344970703125,
2020-03-10,1010.61962890625,
2020-03-11,1009.6576538085938,
2020-03-12,936.3900756835938,
2020-03-13,956.0469360351562,
2020-03-16,878.8783569335938,
2020-03-17,867.7723999023438,
2020-03-18,855.761474609375,
2020-03-19,851.949462890625,
2020-03-20,857.9534301757812,
2020-03-23,842.45751953125,
2020-03-24,892.8572387695312,
2020-03-25,890.6253051757812,
2020-03-26,915.2711181640624,
2020-03-27,881.2453002929688,
2020-03-30,880.5902709960938,
2020-03-31,896.4322509765625,
2020-04-01,890.8463134765625,
2020-04-02,895.104248046875,
2020-04-03,895.521240234375,
2020-04-06,920.7061157226562,
2020-04-07,923.8131103515624,
2020-04-08,932.2470703125,
2020-04-09,958.3389282226562,
2020-04-10,964.7048950195312,
2020-04-13,963.9808959960938,
2020-04-14,985.4927368164062,
2020-04-15,958.5439453125,
2020-04-16,962.4859008789062,
2020-04-17,981.7927856445312,
2020-04-20,989.4537353515624,
2020-04-21,976.184814453125,
2020-04-22,981.704833984375,
2020-04-24,987.5847778320312,
2020-04-27,1012.6686401367188,
2020-04-28,1007.0696411132812,
2020-04-29,1015.9476318359376,
2020-04-30,1011.0956420898438,
2020-05-04,988.416748046875,
2020-05-05,987.3697509765624,
2020-05-06,985.7097778320312,
2020-05-07,983.9827270507812,
2020-05-08,978.4468383789062,
2020-05-11,977.9168090820312,
2020-05-12,996.1536865234376,
2020-05-13,1001.585693359375,
2020-05-14,991.9247436523438,
2020-05-15,997.6766967773438,
2020-05-18,1019.8245849609376,
2020-05-20,1021.569580078125,
2020-05-21,1026.4835205078125,
2020-05-22,1030.237548828125,
2020-05-27,1049.5294189453125,
2020-05-28,1053.5924072265625,
2020-05-29,1055.1993408203125,
2020-06-01,1072.65625,
2020-06-02,1080.96728515625,
2020-06-03,1091.1072998046875,
2020-06-04,1095.3631591796875,
2020-06-05,1100.212158203125,
2020-06-08,1096.3651123046875,
2020-06-09,1092.3592529296875,
2020-06-10,1097.7830810546875,
2020-06-11,1091.5482177734375,
2020-06-12,1098.34912109375,
2020-06-15,1095.55419921875,
2020-06-16,1109.39111328125,
2020-06-17,1109.3941650390625,
2020-06-18,1124.9400634765625,
2020-06-19,1136.113037109375,
2020-06-22,1151.8948974609375,
2020-06-23,1153.3829345703125,
2020-06-24,1144.48291015625,
2020-06-25,1141.3839111328125,
2020-06-26,1146.6778564453125,
2020-06-29,1158.4239501953125,
2020-06-30,1165.2418212890625,
2020-07-01,1153.1439208984375,
2020-07-02,1169.07177734375,
2020-07-03,1157.4788818359375,
2020-07-06,1184.8458251953125,
2020-07-07,1193.3826904296875,
2020-07-08,1187.11865234375,
2020-07-09,1157.929931640625,
2020-07-10,1148.0799560546875,
2020-07-13,1183.9808349609375,
2020-07-14,1177.40478515625,
2020-07-16,1188.068603515625,
2020-07-17,1187.8546142578125,
2020-07-20,1192.8026123046875,
2020-07-21,1180.413818359375,
2020-07-22,1180.792724609375,
2020-07-23,1190.3056640625,
2020-07-24,1192.0096435546875,
2020-07-27,1195.693603515625,
2020-07-28,1152.69384765625,
2020-07-29,1135.593994140625,
2020-07-30,1126.89404296875,
2020-08-04,1087.1942138671875,
2020-08-05,1091.7943115234375,
2020-08-06,1034.39453125,
2020-08-07,1060.5943603515625,
2020-08-10,1075.4942626953125,
2020-08-11,1110.0941162109375,
2020-08-12,1114.194091796875,
2020-08-13,1100.294189453125,
2020-08-14,1083.7943115234375,
2020-08-17,1086.1942138671875,
2020-08-18,1092.4942626953125,
2020-08-19,1124.6939697265625,
2020-08-20,1126.7940673828125,
2020-08-21,1109.8941650390625,
2020-08-24,1108.3941650390625,
2020-08-25,1092.1942138671875,
2020-08-26,1098.994140625,
2020-08-27,1108.8941650390625,
2020-08-28,1100.5941162109375,
2020-08-31,1078.59423828125,
2020-09-01,1085.1942138671875,
2020-09-02,1083.894287109375,
2020-09-03,1076.2943115234375,
2020-09-04,1086.2943115234375,
2020-09-07,1096.794189453125,
2020-09-08,1089.59423828125,
2020-09-09,1099.694091796875,
2020-09-10,1099.0941162109375,
2020-09-11,1102.694091796875,
2020-09-14,1107.294189453125,
2020-09-15,1111.194091796875,
2020-09-16,1107.0941162109375,
2020-09-17,1110.694091796875,
2020-09-18,1111.994140625,
2020-09-21,1086.9942626953125,
2020-09-22,1096.194091796875,
2020-09-23,1102.694091796875,
2020-09-24,1119.593994140625,
2020-09-25,1124.1939697265625,
2020-09-28,1121.1939697265625,
2020-09-29,1123.2940673828125,
2020-09-30,1145.19384765625,
2020-10-01,1143.493896484375,
2020-10-02,1144.993896484375,
2020-10-05,1160.69384765625,
2020-10-06,1153.69384765625,
2020-10-07,1152.3939208984375,
2020-10-08,1150.493896484375,
2020-10-09,1165.6937255859375,
2020-10-12,1178.393798828125,
2020-10-13,1174.6937255859375,
2020-10-14,1189.293701171875,
2020-10-15,1180.393798828125,
2020-10-16,1192.693603515625,
2020-10-19,1205.3936767578125,
2020-10-20,1210.3935546875,
2020-10-21,1211.4935302734375,
2020-10-22,1198.293701171875,
2020-10-23,1190.5936279296875,
2020-10-26,1144.493896484375,
2020-10-27,1152.5938720703125,
2020-10-28,1126.9940185546875,
2020-10-30,1112.3941650390625,
2020-11-02,1133.593994140625,
2020-11-03,1150.69384765625,
2020-11-04,1167.6937255859375,
2020-11-05,1179.9937744140625,
2020-11-06,1191.99365234375,
2020-11-09,1231.493408203125,
2020-11-10,1242.993408203125,
2020-11-11,1279.193115234375,
2020-11-12,1271.7933349609375,
2020-11-13,1291.293212890625,
2020-11-16,1292.9931640625,
2020-11-17,1259.6932373046875,
2020-11-18,1294.693115234375,
2020-11-19,1312.9930419921875,
2020-11-20,1323.992919921875,
2020-11-23,1314.2930908203125,
2020-11-24,1320.9930419921875,
2020-11-25,1325.492919921875,
2020-11-26,1342.492919921875,
2020-11-27,1328.69287109375,
2020-11-30,1283.5931396484375,
2020-12-01,1325.29296875,
2020-12-02,1325.492919921875,
2020-12-03,1330.8929443359375,
2020-12-04,1330.8929443359375,
2020-12-07,1329.8929443359375,
2020-12-08,1339.8929443359375,
2020-12-09,1350.2928466796875,
2020-12-10,1353.392822265625,
2020-12-11,1370.692626953125,
2020-12-14,1388.5926513671875,
2020-12-15,1395.392578125,
2020-12-16,1392.4925537109375,
2020-12-17,1399.392578125,
2020-12-18,1408.2926025390625,
2020-12-21,1384.3927001953125,
2020-12-22,1404.9925537109375,
2020-12-23,1417.6923828125,
2020-12-24,1425.992431640625,
2020-12-28,1439.2923583984375,
2020-12-29,1459.6922607421875,
2020-12-30,1479.8922119140625,
2020-12-31,1476.692138671875,
2021-01-04,1495.39208984375,
2021-01-05,1489.592041015625,
2021-01-06,1505.39208984375,
2021-01-07,1522.19189453125,
2021-01-08,1540.591796875,
2021-01-11,1536.1917724609375,
2021-01-12,1549.4918212890625,
2021-01-13,1559.291748046875,
2021-01-14,1546.591796875,
2021-01-15,1524.491943359375,
2021-01-18,1556.791748046875,
2021-01-19,1564.99169921875,
2021-01-20,1569.3917236328125,
2021-01-21,1551.591796875,
2021-01-22,1542.4918212890625,
2021-01-25,1540.1917724609375,
2021-01-26,1536.091796875,
2021-01-27,1466.9921875,
2021-01-28,1498.2921142578125,
2021-01-29,1473.4921875,
2021-02-01,1492.4920654296875,
2021-02-02,1511.3919677734375,
2021-02-03,1533.591796875,
2021-02-04,1534.891845703125,
2021-02-05,1527.19189453125,
2021-02-08,1534.891845703125,
2021-02-09,1544.091796875,
2021-02-10,1547.091796875,
2021-02-11,1545.591796875,
2021-02-12,1538.391845703125,
2021-02-15,1562.49169921875,
2021-02-16,1542.7918701171875,
2021-02-17,1540.591796875,
2021-02-18,1546.391845703125,
2021-02-19,1560.291748046875,
2021-02-22,1550.591796875,
2021-02-23,1517.8919677734375,
2021-02-24,1482.9921875,
2021-02-25,1488.1920166015625,
2021-02-26,1471.3922119140625,
2021-03-01,1527.491943359375,
2021-03-02,1528.7919921875,
2021-03-03,1531.091796875,
2021-03-04,1537.9918212890625,
2021-03-05,1541.9918212890625,
2021-03-08,1530.2918701171875,
2021-03-09,1549.1917724609375,
2021-03-10,1564.8917236328125,
2021-03-11,1556.49169921875,
2021-03-12,1557.3917236328125,
2021-03-15,1555.49169921875,
2021-03-16,1570.3917236328125,
2021-03-17,1562.0916748046875,
2021-03-18,1550.891845703125,
2021-03-19,1528.991943359375,
2021-03-22,1379.292724609375,
2021-03-23,1377.3927001953125,
2021-03-24,1413.892578125,
2021-03-25,1394.392578125,
2021-03-26,1382.192626953125,
2021-03-29,1392.592529296875,
2021-03-30,1395.7926025390625,
2021-03-31,1391.692626953125,
2021-04-01,1426.5924072265625,
2021-04-05,1442.09228515625,
2021-04-06,1420.5924072265625,
2021-04-07,1417.8924560546875,
2021-04-08,1416.5924072265625,
2021-04-09,1393.1925048828125,
2021-04-12,1375.8927001953125,
2021-04-13,1378.3927001953125,
2021-04-14,1409.1925048828125,
2021-04-15,1407.7926025390625,
2021-04-16,1408.092529296875,
2021-04-19,1377.192626953125,
2021-04-20,1365.2928466796875,
2021-04-21,1330.492919921875,
2021-04-22,1345.19287109375,
2021-04-26,1373.99267578125,
2021-04-27,1391.99267578125,
2021-04-28,1385.8927001953125,
2021-04-29,1401.4925537109375,
2021-04-30,1397.7926025390625,
2021-05-03,1421.1923828125,
2021-05-04,1416.29248046875,
2021-05-05,1419.992431640625,
2021-05-06,1427.6923828125,
2021-05-07,1441.2923583984375,
2021-05-10,1460.892333984375,
2021-05-11,1444.892333984375,
2021-05-12,1441.2923583984375,
2021-05-17,1454.2923583984375,
2021-05-18,1459.59228515625,
2021-05-20,1449.7923583984375,
2021-05-21,1451.7923583984375,
2021-05-24,1452.1922607421875,
2021-05-25,1400.1925048828125,
2021-05-26,1427.0924072265625,
2021-05-27,1414.9925537109375,
2021-05-28,1422.0924072265625,
2021-05-31,1420.492431640625,
2021-06-01,1431.992431640625,
2021-06-02,1430.6923828125,
2021-06-03,1428.0924072265625,
2021-06-04,1432.8924560546875,
2021-06-07,1447.09228515625,
2021-06-08,1447.59228515625,
2021-06-09,1449.1922607421875,
2021-06-10,1456.6922607421875,
2021-06-11,1460.892333984375,
2021-06-14,1454.2923583984375,
2021-06-15,1442.59228515625,
2021-06-16,1431.29248046875,
2021-06-17,1414.1925048828125,
2021-06-18,1391.0926513671875,
2021-06-21,1398.4925537109375,
2021-06-22,1409.892578125,
2021-06-23,1402.392578125,
2021-06-24,1410.7926025390625,
2021-06-25,1391.8927001953125,
2021-06-28,1373.292724609375,
2021-06-29,1371.692626953125,
2021-06-30,1356.2928466796875,
2021-07-01,1372.792724609375,
2021-07-02,1376.692626953125,
2021-07-05,1392.592529296875,
2021-07-06,1382.5926513671875,
2021-07-07,1390.5926513671875,
2021-07-08,1372.99267578125,
2021-07-09,1378.292724609375,
2021-07-12,1356.9927978515625,
2021-07-13,1346.7928466796875,
2021-07-14,1367.2928466796875,
2021-07-16,1363.2928466796875,
2021-07-19,1351.5927734375,
2021-07-26,1349.0927734375,
2021-07-27,1359.5927734375,
2021-07-28,1360.7928466796875,
2021-07-29,1391.5926513671875,
2021-07-30,1392.892578125,
2021-08-02,1399.6925048828125,
2021-08-03,1408.7926025390625,
2021-08-04,1413.7926025390625,
2021-08-05,1431.79248046875,
2021-08-06,1434.79248046875,
2021-08-09,1432.5924072265625,
2021-08-10,1437.492431640625,
2021-08-11,1410.892578125,
2021-08-12,1444.4923095703125,
2021-08-13,1447.59228515625,
2021-08-16,1455.2923583984375,
2021-08-17,1461.692138671875,
2021-08-18,1449.59228515625,
2021-08-19,1439.892333984375,
2021-08-20,1444.59228515625,
2021-08-23,1459.2923583984375,
2021-08-24,1465.8922119140625,
2021-08-25,1453.2923583984375,
2021-08-26,1448.4923095703125,
2021-08-27,1458.1922607421875,
2021-08-31,1472.0921630859375,
2021-09-01,1474.0921630859375,
2021-09-02,1479.0921630859375,
2021-09-03,1468.692138671875,
2021-09-06,1474.692138671875,
2021-09-07,1454.6922607421875,
2021-09-08,1433.8924560546875,
2021-09-09,1452.6922607421875,
2021-09-10,1438.6922607421875,
2021-09-13,1438.2923583984375,
2021-09-14,1434.3924560546875,
2021-09-15,1423.992431640625,
2021-09-16,1417.992431640625,
2021-09-17,1419.3924560546875,
2021-09-20,1391.8927001953125,
2021-09-21,1385.5926513671875,
2021-09-22,1407.4925537109375,
2021-09-23,1401.4925537109375,
2021-09-24,1384.692626953125,
2021-09-27,1391.692626953125,
2021-09-28,1383.792724609375,
2021-09-29,1391.8927001953125,
2021-09-30,1406.392578125,
2021-10-01,1401.4925537109375,
2021-10-04,1394.392578125,
2021-10-05,1391.692626953125,
2021-10-06,1371.692626953125,
2021-10-07,1396.892578125,
2021-10-08,1397.9925537109375,
2021-10-11,1416.29248046875,
2021-10-12,1416.79248046875,
2021-10-13,1413.4925537109375,
2021-10-14,1411.7926025390625,
2021-10-15,1409.592529296875,
2021-10-18,1417.6923828125,
2021-10-19,1429.8924560546875,
2021-10-20,1432.79248046875,
2021-10-21,1455.392333984375,
2021-10-22,1479.8922119140625,
2021-10-25,1492.89208984375,
2021-10-26,1509.19189453125,
2021-10-27,1519.2919921875,
2021-10-28,1521.991943359375,
2021-11-01,1536.2918701171875,
2021-11-02,1533.091796875,
2021-11-03,1546.9918212890625,
2021-11-04,1575.691650390625,
2021-11-05,1583.591552734375,
2021-11-08,1608.491455078125,
2021-11-09,1615.5914306640625,
2021-11-10,1624.09130859375,
2021-11-11,1625.09130859375,
2021-11-12,1638.4913330078125,
2021-11-15,1702.490966796875,
2021-11-16,1685.591064453125,
2021-11-17,1706.990966796875,
2021-11-18,1736.890869140625,
2021-11-19,1737.2908935546875,
2021-11-22,1755.49072265625,
2021-11-23,1784.5904541015625,
2021-11-24,1812.2904052734373,
2021-11-25,1819.1903076171875,
2021-11-26,1776.390625,
2021-11-29,1808.7904052734373,
2021-11-30,1809.6903076171875,
2021-12-01,1857.39013671875,
2021-12-02,1880.0899658203125,
2021-12-03,1910.389892578125,
2021-12-06,1927.3897705078125,
2021-12-07,1980.989501953125,
2021-12-08,2004.58935546875,
2021-12-09,2031.3892822265625,
2021-12-10,2035.4892578125,
2021-12-13,2101.48876953125,
2021-12-14,2157.6884765625,
2021-12-15,2162.28857421875,
2021-12-16,2278.587890625,
2021-12-17,2084.489013671875,
2021-12-20,2056.388916015625,
2021-12-21,1891.989990234375,
2021-12-22,1804.1904296875,
2021-12-23,1805.29052734375,
2021-12-24,1891.2900390625,
2021-12-27,1897.0899658203125,
2021-12-28,1850.490234375,
2021-12-29,1895.489990234375,
2021-12-30,1863.6900634765625,
2021-12-31,1857.6900634765625,
2022-01-03,1926.689697265625,
2022-01-04,1963.589599609375,
2022-01-05,2005.2894287109373,
2022-01-06,2007.58935546875,
2022-01-07,2033.289306640625,
2022-01-10,2045.1890869140625,
2022-01-11,2045.9891357421875,
2022-01-12,2064.18896484375,
2022-01-13,2070.68896484375,
2022-01-14,2072.888916015625,
2022-01-17,2085.7890625,
2022-01-18,1979.78955078125,
2022-01-19,2042.089111328125,
2022-01-20,2014.189208984375,
2022-01-21,2011.1893310546875,
2022-01-24,1910.2899169921875,
2022-01-25,1945.089599609375,
2022-01-26,1951.1895751953125,
2022-01-27,1997.6893310546875,
2022-01-28,1983.189453125,
2022-01-31,2003.1893310546875,
2022-02-01,2015.3892822265625,
2022-02-02,2002.1893310546875,
2022-02-03,1957.8896484375,
2022-02-04,1943.789794921875,
2022-02-07,1997.58935546875,
2022-02-08,2007.08935546875,
2022-02-09,2042.88916015625,
2022-02-10,2038.6890869140625,
2022-02-11,2051.089111328125,
2022-02-14,2001.889404296875,
2022-02-15,2038.1890869140625,
2022-02-16,2041.38916015625,
2022-02-17,2009.9893798828125,
2022-02-18,2032.3892822265625,
2022-02-21,2038.089111328125,
2022-02-22,2017.4892578125,
2022-02-23,2015.9892578125,
2022-02-24,1851.3902587890625,
2022-02-25,1952.3896484375,
2022-02-28,1946.1895751953125,
2022-03-01,1969.8895263671875,
2022-03-02,1986.0894775390625,
2022-03-03,2023.289306640625,
2022-03-04,1990.7894287109373,
2022-03-07,1997.2894287109373,
2022-03-08,2011.389404296875,
2022-03-09,2042.6890869140625,
2022-03-10,2041.9891357421875,
2022-03-11,2053.888916015625,
2022-03-14,2088.489013671875,
2022-03-15,2079.388916015625,
2022-03-16,2088.7890625,
2022-03-17,2133.5888671875,
2022-03-18,2144.28857421875,
2022-03-21,2174.988525390625,
2022-03-22,2188.788330078125,
2022-03-23,2183.088623046875,
2022-03-24,2176.1884765625,
2022-03-25,2175.488525390625,
2022-03-28,2172.488525390625,
2022-03-29,2206.48828125,
2022-03-30,2230.188232421875,
2022-03-31,2233.2880859375,
2022-04-01,2251.68798828125,
2022-04-04,2311.3876953125,
2022-04-05,2326.28759765625,
2022-04-06,2316.3876953125,
2022-04-07,2345.1875,
2022-04-08,2393.38720703125,
2022-04-11,2449.087158203125,
2022-04-12,2463.786865234375,
2022-04-13,2460.386962890625,
2022-04-14,2475.38671875,
2022-04-15,2494.38671875,
2022-04-18,2510.28662109375,
2022-04-19,2519.1865234375,
2022-04-20,2525.886474609375,
2022-04-21,2556.786376953125,
2022-04-22,2472.48681640625,
2022-04-25,2482.5869140625,
2022-04-26,2418.287109375,
2022-04-27,2451.386962890625,
2022-04-28,2428.386962890625,
2022-04-29,2430.587158203125,
2022-05-05,2466.286865234375,
2022-05-06,2458.68701171875,
2022-05-09,2465.686767578125,
2022-05-10,2490.186767578125,
2022-05-11,2453.886962890625,
2022-05-12,2390.9873046875,
2022-05-13,2419.18701171875,
2022-05-16,2390.787353515625,
2022-05-17,2394.787353515625,
2022-05-18,2393.58740234375,
2022-05-20,2372.38720703125,
2022-05-23,2380.88720703125,
2022-05-24,2374.9873046875,
2022-05-25,2418.087158203125,
2022-05-26,2450.787109375,
2022-05-27,2438.787109375,
2022-05-30,2527.1865234375,
2022-05-31,2547.086669921875,
2022-06-01,2568.786376953125,
2022-06-02,2601.586181640625,
2022-06-03,2601.2861328125,
2022-06-06,2648.0859375,
2022-06-07,2648.185791015625,
2022-06-08,2540.386474609375,
2022-06-09,2571.58642578125,
2022-06-10,2543.086669921875,
2022-06-13,2510.086669921875,
2022-06-14,2508.886474609375,
2022-06-15,2531.086669921875,
2022-06-16,2485.38671875,
2022-06-17,2533.28662109375,
2022-06-20,2539.1865234375,
2022-06-21,2575.88623046875,
2022-06-22,2574.286376953125,
2022-06-23,2543.1865234375,
2022-06-24,2554.086669921875,
2022-06-27,2529.28662109375,
2022-06-28,2490.186767578125,
2022-06-29,2401.9873046875,
2022-06-30,2405.38720703125,
2022-07-01,2443.787109375,
2022-07-04,2405.9873046875,
2022-07-05,2371.287353515625,
2022-07-06,2408.187255859375,
2022-07-07,2425.587158203125,
2022-07-08,2433.987060546875,
2022-07-13,2408.08740234375,
2022-07-14,2382.38720703125,
2022-07-18,2451.287109375,
2022-07-19,2501.98681640625,
2022-07-20,2525.1865234375,
2022-07-21,2511.386474609375,
2022-07-22,2516.586669921875,
2022-07-25,2548.486572265625,
2022-07-26,2537.086669921875,
2022-07-27,2544.086669921875,
2022-07-28,2543.28662109375,
2022-07-29,2592.38623046875,
2022-08-01,2656.285888671875,
2022-08-02,2647.5859375,
2022-08-03,2684.48583984375,
2022-08-04,2723.685546875,
2022-08-05,2750.4853515625,
2022-08-08,2795.085205078125,
2022-08-09,2785.18505859375,
2022-08-10,2829.585205078125,
2022-08-11,2868.384765625,
2022-08-12,2864.284912109375,
2022-08-15,2857.184814453125,
2022-08-16,2913.28466796875,
2022-08-17,2979.984130859375,
2022-08-18,3019.98388671875,
2022-08-19,3020.183837890625,
2022-08-22,3062.483642578125,
2022-08-23,3121.4833984375,
2022-08-24,3060.283935546875,
2022-08-25,3136.783447265625,
2022-08-26,3146.08349609375,
2022-08-29,3164.983154296875,
2022-08-31,3171.18310546875,
2022-09-01,3142.683349609375,
2022-09-02,3222.682861328125,
2022-09-05,3358.382080078125,
2022-09-06,3391.3818359375,
2022-09-07,3402.781982421875,
2022-09-08,3437.381591796875,
2022-09-09,3521.381103515625,
2022-09-12,3649.1806640625,
2022-09-13,3426.8818359375,
2022-09-14,3446.981689453125,
2022-09-15,3363.082275390625,
2022-09-16,3377.2822265625,
2022-09-19,3199.48291015625,
2022-09-20,3277.482666015625,
2022-09-21,3245.78271484375,
2022-09-22,3295.282470703125,
2022-09-23,3281.582763671875,
2022-09-26,3260.1826171875,
2022-09-27,3265.582763671875,
2022-09-28,3198.18310546875,
2022-09-29,3146.88330078125,
2022-09-30,3179.983154296875,
2022-10-03,3392.08203125,
2022-10-04,3457.981689453125,
2022-10-05,3484.38134765625,
2022-10-06,3553.881103515625,
2022-10-07,3567.5810546875,
2022-10-10,3581.98095703125,
2022-10-11,3571.5810546875,
2022-10-12,3517.781494140625,
2022-10-13,3553.381103515625,
2022-10-14,3626.980712890625,
2022-10-17,3847.57958984375,
2022-10-18,3841.579833984375,
2022-10-19,3880.279541015625,
2022-10-20,3900.879150390625,
2022-10-21,3934.579345703125,
2022-10-24,3977.47900390625,
2022-10-25,3974.97900390625,
2022-10-26,3976.37890625,
2022-10-27,3934.479248046875,
2022-10-28,3878.9794921875,
2022-10-31,3978.97900390625,
2022-11-01,4054.678466796875,
2022-11-02,4071.87841796875,
2022-11-03,4105.47802734375,
2022-11-04,4216.9775390625,
2022-11-07,4331.67724609375,
2022-11-08,4360.27685546875,
2022-11-09,4360.97705078125,
2022-11-10,4467.076171875,
2022-11-11,4455.4765625,
2022-11-14,4570.17578125,
2022-11-15,4656.97509765625,
2022-11-16,4668.47509765625,
2022-11-17,4507.17626953125,
2022-11-18,4526.67626953125,
2022-11-21,4570.275390625,
2022-11-22,4780.6748046875,
2022-11-23,4854.17431640625,
2022-11-24,4858.17431640625,
2022-11-25,4874.27392578125,
2022-11-28,4923.17431640625,
2022-11-29,4962.4736328125,
2022-11-30,4977.57373046875,
2022-12-01,5046.17333984375,
2022-12-02,4962.9736328125,
2022-12-05,4957.7734375,
2022-12-06,5000.07373046875,
2022-12-07,4826.974609375,
2022-12-08,4855.8740234375,
2022-12-09,5005.2734375,
2022-12-12,5193.2724609375,
2022-12-13,5256.17236328125,
2022-12-14,5066.47314453125,
2022-12-15,5188.7724609375,
2022-12-16,5214.27197265625,
2022-12-19,5391.87109375,
2022-12-20,5418.97119140625,
2022-12-21,5429.0712890625,
2022-12-22,5447.17138671875,
2022-12-23,5454.77099609375,
2022-12-26,5504.07080078125,
2022-12-27,5434.47119140625,
2022-12-28,5345.57177734375,
2022-12-29,5476.87060546875,
2022-12-30,5509.1708984375,
2023-01-02,5661.06982421875,
2023-01-03,5626.5703125,
2023-01-04,5523.470703125,
2023-01-05,5116.37255859375,
2023-01-06,5341.9716796875,
2023-01-09,5170.97265625,
2023-01-10,4987.9736328125,
2023-01-11,4728.875,
2023-01-12,4970.673828125,
2023-01-13,4984.87353515625,
2023-01-16,5207.67236328125,
2023-01-17,5314.9716796875,
2023-01-18,5384.171875,
2023-01-19,5422.37109375,
2023-01-20,5490.2705078125,
2023-01-23,5404.37109375,
2023-01-24,5366.4716796875,
2023-01-25,5297.771484375,
2023-01-26,5230.97216796875,
2023-01-27,5191.7724609375,
2023-01-30,5096.27294921875,
2023-01-31,4976.57373046875,
2023-02-01,4713.375,
2023-02-02,4752.1748046875,
2023-02-03,4997.57373046875,
2023-02-06,4930.173828125,
2023-02-07,4505.27587890625,
2023-02-08,4505.27587890625,
2023-02-15,4950.4736328125,
2023-02-16,5008.57373046875,
2023-02-17,5026.77294921875,
2023-02-20,5148.87255859375,
2023-02-21,5149.37255859375,
2023-02-22,5071.373046875,
2023-02-23,5086.17333984375,
2023-02-24,5058.77294921875,
2023-02-27,5197.37255859375,
2023-02-28,5237.27197265625,
2023-03-01,5322.671875,
2023-03-02,5261.3720703125,
2023-03-03,5212.3720703125,
2023-03-06,5392.27099609375,
2023-03-07,5381.87158203125,
2023-03-08,5438.37109375,
2023-03-09,5446.17138671875,
2023-03-10,5384.57177734375,
2023-03-13,5323.171875,
2023-03-14,5207.27197265625,
2023-03-15,5121.57275390625,
2023-03-16,5229.572265625,
2023-03-17,5136.37255859375,
2023-03-20,4975.4736328125,
2023-03-21,4906.57421875,
2023-03-22,5001.07373046875,
2023-03-23,5061.97314453125,
2023-03-24,5031.97314453125,
2023-03-27,4997.7734375,
2023-03-28,4811.474609375,
2023-03-29,4943.173828125,
2023-03-30,4896.07421875,
2023-03-31,4812.87451171875,
2023-04-03,4839.47412109375,
2023-04-04,4984.07373046875,
2023-04-05,4919.8740234375,
2023-04-06,4912.77392578125,
2023-04-07,4924.57373046875,
2023-04-10,5092.27294921875,
2023-04-11,5124.2724609375,
2023-04-12,5146.07275390625,
2023-04-13,5135.57275390625,
2023-04-14,5092.873046875,
2023-04-17,5059.373046875,
2023-04-18,5018.67333984375,
2023-04-19,5061.17333984375,
2023-04-20,5012.2734375,
2023-04-24,5022.77294921875,
2023-04-25,4890.97412109375,
2023-04-26,4783.474609375,
2023-04-27,4789.57470703125,
2023-04-28,4617.87548828125,
2023-05-02,4506.17626953125,
2023-05-03,4485.97607421875,
2023-05-04,4484.3759765625,
2023-05-05,4400.7763671875,
2023-05-08,4561.87548828125,
2023-05-09,4536.17626953125,
2023-05-10,4494.47607421875,
2023-05-11,4847.97412109375,
2023-05-12,4795.57470703125,
2023-05-15,4501.17626953125,
2023-05-16,4589.67578125,
2023-05-17,4661.67529296875,
2023-05-18,4501.67626953125,
2023-05-22,4466.17626953125,
2023-05-23,4470.97607421875,
2023-05-24,4424.87646484375,
2023-05-25,4427.9765625,
2023-05-26,4580.67578125,
2023-05-29,4768.57470703125,
2023-05-30,4951.37353515625,
2023-05-31,4886.8740234375,
2023-06-01,4959.7734375,
2023-06-02,5114.97265625,
2023-06-05,5372.671875,
2023-06-06,5388.77099609375,
2023-06-07,5561.1708984375,
2023-06-08,5553.970703125,
2023-06-09,5626.47021484375,
2023-06-12,5588.97021484375,
2023-06-13,5429.0712890625,
2023-06-14,5360.771484375,
2023-06-15,5495.470703125,
2023-06-16,5475.47119140625,
2023-06-19,5269.27197265625,
2023-06-20,5251.572265625,
2023-06-21,5186.7724609375,
2023-06-22,5428.27099609375,
2023-06-23,5582.77001953125,
2023-06-26,5732.86962890625,
2023-06-27,5759.0693359375,
2023-07-03,6015.26806640625,
2023-07-04,6003.8681640625,
2023-07-05,6106.767578125,
2023-07-06,6141.0673828125,
2023-07-07,6187.0673828125,
2023-07-10,6270.36669921875,
2023-07-11,6362.8662109375,
2023-07-12,6342.06640625,
2023-07-13,6368.3662109375,
2023-07-14,6437.666015625,
2023-07-17,6600.46484375,
2023-07-18,6364.96630859375,
2023-07-19,6571.26513671875,
2023-07-20,6682.064453125,
2023-07-21,6687.76416015625,
2023-07-24,6695.064453125,
2023-07-25,6604.96484375,
2023-07-26,6743.8642578125,
2023-07-27,6856.06396484375,
2023-07-28,7067.26220703125,
2023-07-31,7216.9619140625,
2023-08-01,7168.4619140625,
2023-08-02,7258.46142578125,
2023-08-03,7221.4619140625,
2023-08-04,7400.56103515625,
2023-08-07,7470.060546875,
2023-08-08,7412.16064453125,
2023-08-09,7600.65966796875,
2023-08-10,7441.46044921875,
2023-08-11,7714.35888671875,
2023-08-14,7737.35888671875,
2023-08-15,7690.7587890625,
2023-08-16,7662.25927734375,
2023-08-17,7764.458984375,
2023-08-18,7513.259765625,
2023-08-21,7796.65869140625,
2023-08-22,7771.2587890625,
2023-08-23,7602.15966796875,
2023-08-24,7491.8603515625,
2023-08-25,7716.6591796875,
2023-08-28,7941.658203125,
2023-08-29,7907.05810546875,
2023-08-31,7917.85791015625,
2023-09-01,8056.05712890625,
2023-09-04,8141.2568359375,
2023-09-05,8236.0556640625,
2023-09-06,8181.65673828125,
2023-09-07,8337.65625,
2023-09-08,8325.255859375,
2023-09-11,8146.45654296875,
2023-09-12,8159.8564453125,
2023-09-13,8013.857421875,
2023-09-14,8118.7568359375,
2023-09-15,7961.95751953125,
2023-09-18,7680.359375,
2023-09-19,7783.95849609375,
2023-09-20,7719.7587890625,
2023-09-21,8000.45751953125,
2023-09-22,8039.15771484375,
2023-09-25,8304.755859375,
2023-09-26,8242.255859375,
2023-09-27,8213.755859375,
2023-09-28,8218.65625,
2023-09-29,8334.8564453125,
2023-10-02,8486.955078125,
2023-10-03,8513.455078125,
2023-10-04,8333.0556640625,
2023-10-05,8487.955078125,
2023-10-06,8464.85546875,
2023-10-09,8193.3564453125,
2023-10-10,8442.7548828125,
2023-10-11,8330.5556640625,
2023-10-12,8259.255859375,
2023-10-13,8113.2568359375,
2023-10-16,7934.55810546875,
2023-10-17,8114.95703125,
2023-10-18,7842.65869140625,
2023-10-19,7768.958984375,
2023-10-20,7510.66015625,
2023-10-23,7750.35888671875,
2023-10-24,7990.357421875,
2023-10-25,7424.96044921875,
2023-10-26,7662.0595703125,
2023-10-27,7706.35888671875,
2023-10-30,7712.85888671875,
2023-10-31,7514.06005859375,
2023-11-01,7528.56005859375,
2023-11-02,7663.5595703125,
2023-11-03,7705.958984375,
2023-11-06,7867.95849609375,
2023-11-07,7844.75830078125,
2023-11-08,7860.8583984375,
2023-11-09,7841.45849609375,
2023-11-10,7771.2587890625,
2023-11-13,7568.259765625,
2023-11-14,7671.0595703125,
2023-11-15,7665.859375,
2023-11-16,7780.65869140625,
2023-11-17,7853.3583984375,
2023-11-20,7946.35791015625,
2023-11-21,8046.5576171875,
2023-11-22,7986.95751953125,
2023-11-23,7898.55810546875,
2023-11-24,7959.9580078125,
2023-11-27,8107.1572265625,
2023-11-28,8093.45703125,
2023-11-29,8009.25732421875,
2023-11-30,7948.55810546875,
2023-12-01,8026.25732421875,
2023-12-04,8087.1572265625,
2023-12-05,8057.35693359375,
2023-12-06,7855.05859375,
2023-12-07,7978.75732421875,
2023-12-08,7913.7578125,
2023-12-11,7728.35888671875,
2023-12-12,7748.85888671875,
2023-12-13,7529.259765625,
2023-12-14,7813.3583984375,
2023-12-15,7993.857421875,
2023-12-18,7790.3583984375,
2023-12-19,7725.85888671875,
2023-12-20,7662.859375,
2023-12-21,7764.958984375,
2023-12-22,7557.56005859375,
2023-12-26,7299.26123046875,
2023-12-27,7260.361328125,
2023-12-28,7396.2607421875,
2023-12-29,7470.16064453125,
2024-01-02,7624.25927734375,
2024-01-03,7411.96044921875,
2024-01-04,7547.759765625,
2024-01-05,7628.65966796875,
2024-01-08,7818.8583984375,
2024-01-09,7736.2587890625,
2024-01-10,7874.158203125,
2024-01-11,7895.9580078125,
2024-01-12,7986.45751953125,
2024-01-15,8043.95751953125,
2024-01-16,8032.15771484375,
2024-01-17,8024.357421875,
2024-01-18,8016.0576171875,
2024-01-19,7996.65771484375,
2024-01-22,8010.0576171875,
2024-01-23,7950.05810546875,
2024-01-24,8090.85693359375,
2024-01-25,8169.8564453125,
2024-01-26,8346.255859375,
2024-01-29,8471.6552734375,
2024-01-30,8474.2548828125,
2024-01-31,8496.6552734375,
2024-02-01,8646.0537109375,
2024-02-02,8665.654296875,
2024-02-05,8776.6533203125,
2024-02-06,8869.052734375,
2024-02-07,8842.953125,
2024-02-08,8949.751953125,
2024-02-09,9045.9521484375,
2024-02-12,9174.55078125,
2024-02-13,8993.9521484375,
2024-02-14,9072.0517578125,
2024-02-15,9242.1513671875,
2024-02-16,9250.3515625,
2024-02-19,9196.3515625,
2024-02-20,9344.9501953125,
2024-02-21,9312.0498046875,
2024-02-22,9347.150390625,
2024-02-23,9374.150390625,
2024-02-26,9334.0498046875,
2024-02-27,9179.451171875,
2024-02-28,9062.3525390625,
2024-02-29,9193.6513671875,
2024-03-01,9097.15234375,
2024-03-04,8907.6533203125,
2024-03-05,8860.453125,
2024-03-06,8744.552734375,
2024-03-07,9054.15234375,
2024-03-08,9155.2509765625,
2024-03-11,9131.7509765625,
2024-03-12,9068.9521484375,
2024-03-13,8910.1533203125,
2024-03-14,8883.453125,
2024-03-15,8828.6533203125,
2024-03-18,8718.0537109375,
2024-03-19,8929.8525390625,
2024-03-20,8955.0517578125,
2024-03-21,9140.6513671875,
2024-03-22,9111.4521484375,
2024-03-25,9029.3525390625,
2024-03-26,8807.353515625,
2024-03-27,8806.6533203125,
2024-03-28,9079.9521484375,
2024-03-29,9142.3515625,
2024-04-01,9157.451171875,
2024-04-02,9040.8525390625,
2024-04-03,8945.751953125,
2024-04-04,9128.951171875,
2024-04-05,9618.7490234375,
2024-04-08,9756.6484375,
2024-04-09,9814.1484375,
2024-04-15,9679.748046875,
2024-04-16,9548.048828125,
2024-04-17,9530.44921875,
2024-04-18,9524.548828125,
2024-04-19,9693.4482421875,
2024-04-22,9644.94921875,
2024-04-24,9722.0478515625,
2024-04-25,9716.748046875,
2024-04-26,9915.546875,
2024-04-29,10082.74609375,
2024-04-30,10045.646484375,
2024-05-02,10208.646484375,
2024-05-03,10276.845703125,
2024-05-06,10267.044921875,
2024-05-07,10336.4453125,
2024-05-08,10247.7451171875,
2024-05-09,10268.544921875,
2024-05-10,10218.544921875,
2024-05-13,10055.9462890625,
2024-05-14,10173.3466796875,
2024-05-15,10158.5458984375,
2024-05-16,10319.9453125,
2024-05-17,10643.54296875,
2024-05-20,10739.54296875,
2024-05-21,10895.2421875,
2024-05-22,10899.2421875,
2024-05-23,10792.4423828125,
2024-05-24,10676.6435546875,
2024-05-27,10656.943359375,
2024-05-28,10677.443359375,
2024-05-29,10479.14453125,
2024-05-30,10481.244140625,
2024-05-31,10400.4453125,
2024-06-03,10556.744140625,
2024-06-04,10364.544921875,
2024-06-05,10350.9453125,
2024-06-06,10279.6455078125,
2024-06-07,10138.9462890625,
2024-06-10,9997.84765625,
2024-06-11,10051.3466796875,
2024-06-12,10165.4462890625,
2024-06-13,10391.845703125,
2024-06-14,10471.244140625,
2024-06-20,10739.84375,
2024-06-21,10771.3427734375,
2024-06-24,10767.84375,
2024-06-25,10679.943359375,
2024-06-26,10486.64453125,
2024-06-27,10680.84375,
2024-06-28,10647.84375,
2024-07-01,10343.2451171875,
2024-07-02,10446.14453125,
2024-07-03,10682.1435546875,
2024-07-04,10872.5419921875,
2024-07-05,10851.7421875,
2024-07-08,10864.0419921875,
2024-07-09,10796.5419921875,
2024-07-10,10743.2431640625,
2024-07-11,11024.2412109375,
2024-07-12,11064.841796875,
2024-07-16,11139.240234375,
2024-07-17,11134.041015625,
2024-07-18,11139.4404296875,
2024-07-19,11156.140625,
2024-07-22,11172.740234375,
2024-07-23,11089.44140625,
2024-07-24,10991.541015625,
2024-07-25,10871.4423828125,
2024-07-26,10891.3427734375,
2024-07-29,10733.7431640625,
2024-07-30,10691.6435546875,
2024-07-31,10638.54296875,
2024-08-01,10798.0419921875,
2024-08-02,10473.4443359375,
2024-08-05,9893.34765625,
2024-08-06,9881.1474609375,
2024-08-07,10024.2470703125,
2024-08-08,10098.4462890625,
2024-08-09,9907.34765625,
2024-08-12,9828.5478515625,
2024-08-13,9920.546875,
2024-08-14,9830.8486328125,
2024-08-15,9982.947265625,
2024-08-16,9821.9482421875,
2024-08-19,10054.146484375,
2024-08-20,9982.2470703125,
2024-08-21,9904.7470703125,
2024-08-22,9921.34765625,
2024-08-23,9668.0478515625,
2024-08-26,9565.7490234375,
2024-08-27,9748.748046875,
2024-08-28,9757.1484375,
2024-08-29,9833.1484375,
2024-09-02,10110.146484375,
2024-09-03,10021.7470703125,
2024-09-04,9984.84765625,
2024-09-05,9936.7470703125,
2024-09-06,9771.1484375,
2024-09-09,9699.5478515625,
2024-09-10,9623.94921875,
2024-09-11,9419.650390625,
2024-09-12,9520.94921875,
2024-09-13,9685.4482421875,
2024-09-16,9577.44921875,
2024-09-17,9758.0478515625,
2024-09-18,9774.4482421875,
2024-09-19,9975.546875,
2024-09-20,9900.2470703125,
2024-09-23,9887.7470703125,
2024-09-24,10029.6474609375,
2024-09-25,9890.947265625,
2024-09-26,9829.1484375,
2024-09-27,9777.4482421875,
2024-09-30,9665.748046875,
2024-10-01,9351.150390625,
2024-10-02,9012.8525390625,
2024-10-03,8898.1533203125,
2024-10-04,9109.251953125,
2024-10-07,9031.5517578125,
2024-10-08,9044.8525390625,
2024-10-09,9132.2509765625,
2024-10-10,8964.0517578125,
2024-10-11,8876.1533203125,
2024-10-14,8699.154296875,
2024-10-15,8860.2529296875,
2024-10-16,8955.9521484375,
2024-10-17,9002.251953125,
2024-10-18,8793.552734375,
2024-10-21,8654.3544921875,
2024-10-22,8838.552734375,
2024-10-23,8714.654296875,
2024-10-24,8872.853515625,
2024-10-25,8908.453125,
2024-10-28,8945.751953125,
2024-10-30,9006.5517578125,
2024-10-31,8863.853515625,
2024-11-01,8884.953125,
2024-11-04,8663.8544921875,
2024-11-05,8618.5537109375,
2024-11-06,8862.2529296875,
2024-11-07,8946.0517578125,
2024-11-08,9184.7509765625,
2024-11-11,9276.7509765625,
2024-11-12,9226.8515625,
2024-11-13,9300.25,
2024-11-14,9420.3505859375,
2024-11-15,9389.5498046875,
2024-11-18,9395.3505859375,
2024-11-19,9232.8515625,
2024-11-20,9031.751953125,
2024-11-21,9367.75,
2024-11-22,9549.849609375,
2024-11-25,9659.94921875,
2024-11-26,9636.048828125,
2024-11-27,9639.7490234375,
2024-11-28,9640.048828125,
2024-11-29,9651.94921875,
2024-12-02,9681.0478515625,
2024-12-03,9827.1484375,
2024-12-04,9886.046875,
2024-12-05,9935.947265625,
2024-12-06,10080.9462890625,
2024-12-09,10257.345703125,
2024-12-10,10098.9462890625,
2024-12-11,10058.4462890625,
2024-12-12,10058.5458984375,
2024-12-13,10125.4462890625,
2024-12-16,9997.6474609375,
2024-12-17,10011.2470703125,
2024-12-18,9915.7470703125,
2024-12-19,9765.0478515625,
2024-12-20,9724.4482421875,
2024-12-23,9626.548828125,
2024-12-24,9672.748046875,
2024-12-26,9948.947265625,
2024-12-27,10025.447265625,
2024-12-30,9889.6474609375,
2024-12-31,9830.5478515625,
2025-01-02,9961.2470703125,
2025-01-03,10075.146484375,
2025-01-06,10085.4462890625,
2025-01-07,9971.947265625,
2025-01-08,9890.7470703125,
2025-01-09,10000.6474609375,
2025-01-10,9910.546875,
2025-01-13,9733.1484375,
2025-01-14,9715.8486328125,
2025-01-15,9739.6484375,
2025-01-16,9866.6474609375,
2025-01-17,9977.84765625,
2025-01-20,10029.2470703125,
2025-01-21,9999.546875,
2025-01-22,10105.3466796875,
2025-01-23,10112.74609375,
2025-01-24,10104.8466796875,
2025-01-27,9997.84765625,
2025-01-28,10121.74609375,
2025-01-29,10076.9462890625,
2025-01-30,10082.0458984375,
2025-01-31,10004.34765625,
2025-02-03,9774.3486328125,
2025-02-04,9807.0478515625,
2025-02-05,9719.748046875,
2025-02-06,9842.1484375,
2025-02-07,9951.6474609375,
2025-02-10,9845.8486328125,
2025-02-11,9882.7470703125,
2025-02-12,9779.5478515625,
2025-02-13,9914.6474609375,
2025-02-14,9877.546875,
2025-02-17,9836.4482421875,
2025-02-18,9916.84765625,
2025-02-19,9763.6484375,
2025-02-20,9807.4482421875,
2025-02-21,9602.1494140625,
2025-02-24,9574.7490234375,
2025-02-25,9451.5498046875,
2025-02-26,9573.1494140625,
2025-02-27,9741.0478515625,
2025-02-28,9658.6494140625,
2025-03-03,9911.046875,
2025-03-04,9897.947265625,
2025-03-05,10188.8466796875,
2025-03-06,10459.0439453125,
2025-03-07,10507.0439453125,
2025-03-10,10422.14453125,
2025-03-11,10438.244140625,
2025-03-12,10580.244140625,
2025-03-13,10727.54296875,
2025-03-14,10840.5419921875,
2025-03-17,10862.0419921875,
2025-03-18,10802.142578125,
2025-03-19,9860.2470703125,
2025-03-20,9810.8486328125,
2025-03-21,9044.5517578125,
2025-03-24,9299.3505859375,
2025-03-25,9715.5478515625,
2025-03-26,9649.44921875,
2025-03-27,9612.7490234375,
2025-03-28,9659.44921875,
2025-04-02,9523.2490234375,
2025-04-03,9484.2490234375,
2025-04-04,9379.75,
2025-04-07,9407.150390625,
2025-04-08,9477.0498046875,
2025-04-09,9275.451171875,
2025-04-10,9338.5498046875,
2025-04-11,9380.9501953125,
2025-04-14,9423.5498046875,
2025-04-15,9393.75,
2025-04-16,9266.05078125,
2025-04-17,9395.9501953125,
2025-04-18,9317.150390625,
2025-04-21,9321.5498046875,
2025-04-22,9312.0498046875,
2025-04-24,9490.849609375,
2025-04-25,9432.5498046875,
2025-04-28,9306.9501953125,
2025-04-29,9224.7509765625,
2025-04-30,9078.3525390625,
2025-05-02,9167.55078125,
2025-05-05,9112.15234375,
2025-05-06,9134.6513671875,
2025-05-07,9074.5517578125,
2025-05-08,9279.1513671875,
2025-05-09,9390.4501953125,
2025-05-12,9747.0478515625,
2025-05-13,9700.1484375,
2025-05-14,9701.5478515625,
2025-05-15,9541.2490234375,
2025-05-16,9668.3486328125,
2025-05-20,9513.94921875,
2025-05-21,9398.8505859375,
2025-05-22,9475.150390625,
2025-05-23,9355.9501953125,
2025-05-26,9345.150390625,
2025-05-27,9213.55078125,
2025-05-28,9177.6513671875,
2025-05-29,9170.55078125,
2025-05-30,9019.5517578125,
2025-06-02,9008.8525390625,
2025-06-03,9276.951171875,
2025-06-04,9474.9501953125,
2025-06-05,9486.548828125,
2025-06-10,9659.2490234375,
2025-06-11,9686.0478515625,
2025-06-12,9520.1494140625,
2025-06-13,9311.8505859375,
2025-06-16,9349.9501953125,
2025-06-17,9339.5498046875,
2025-06-18,9196.05078125,
2025-06-19,9101.9521484375,
2025-06-20,9203.3515625,
2025-06-23,9141.2509765625,
2025-06-24,9448.8505859375,
2025-06-25,9418.4501953125,
2025-06-26,9301.0498046875,
2025-06-27,9404.8505859375,
2025-06-30,9948.447265625,
2025-07-01,10080.3466796875,
2025-07-02,10188.9462890625,
2025-07-03,10228.345703125,
2025-07-04,10275.7451171875,
2025-07-07,10107.646484375,
2025-07-08,9998.1474609375,
2025-07-09,10167.24609375,
2025-07-10,10331.2451171875,
2025-07-11,10358.4453125,
2025-07-14,10225.4453125,
2025-07-16,10121.4462890625,
2025-07-17,10370.6455078125,
2025-07-18,10366.1455078125,
2025-07-21,10616.1435546875,
2025-07-22,10616.04296875,
2025-07-23,10591.943359375,
2025-07-24,10689.04296875,
2025-07-25,10642.54296875,
2025-07-28,10542.0439453125,
2025-07-29,10487.244140625,
2025-07-30,10618.943359375,
2025-07-31,10743.1435546875,
2025-08-01,10746.943359375,
2025-08-04,10853.4423828125,
2025-08-05,10849.9423828125,
2025-08-06,10900.9423828125,
2025-08-07,10956.041015625,
2025-08-08,10972.541015625,
2025-08-11,11038.2412109375,
2025-08-12,10954.44140625,
2025-08-13,10949.9423828125,
2025-08-14,10824.5419921875,
2025-08-15,10870.5419921875,
2025-08-18,10929.7421875,
2025-08-19,10961.94140625,
2025-08-20,11134.6416015625,
2025-08-21,11313.8408203125,
2025-08-22,11372.2998046875,
2025-08-25,11477.7998046875,
2025-08-26,11529.7998046875,
2025-08-27,11359.0,
2025-08-28,11368.7998046875,
2025-08-29,11288.099609375,
2025-09-01,11280.0,
2025-09-02,10877.5,
2025-09-03,10737.7001953125,
2025-09-04,10828.900390625,
2025-09-05,10729.5,
2025-09-08,10449.400390625,
2025-09-09,10486.099609375,
2025-09-10,10586.2998046875,
2025-09-11,10382.900390625,
2025-09-12,10372.0,
2025-09-15,11000.2998046875,
2025-09-16,11183.0,
2025-09-17,11165.900390625,
2025-09-18,11048.099609375,
2025-09-19,11294.5,
2025-09-22,11468.099609375,
2025-09-23,11331.7998046875,
2025-09-24,11366.900390625,
2025-09-25,11377.599609375,
2025-09-26,11151.2001953125,
2025-09-29,11048.099609375,
2025-09-30,11012.099609375,
2025-10-01,11220.2001953125,
2025-10-02,11082.599609375,
2025-10-03,10858.5,
2025-10-06,10734.900390625,
2025-10-07,10814.099609375,
2025-10-08,10756.2998046875,
2025-10-09,10727.0,
2025-10-10,10720.400390625,
2025-10-13,10556.2001953125,
2025-10-14,10316.400390625,
2025-10-15,10464.5,
2025-10-16,10370.7998046875,
2025-10-17,10208.7998046875,
2025-10-20,10484.400390625,
2025-10-21,10467.2001953125,
2025-10-22,10551.2998046875,
2025-10-23,10608.2998046875,
2025-10-24,10941.7998046875,
2025-10-27,10853.400390625,
2025-10-28,10871.099609375,
2025-10-30,10837.2998046875,
2025-10-31,10971.5,
2025-11-03,11060.400390625,
2025-11-04,10914.099609375,
2025-11-05,10970.400390625,
2025-11-06,11073.2998046875,
2025-11-07,10924.5,
2025-11-10,10789.0,
2025-11-11,10576.5,
2025-11-12,10640.900390625,
2025-11-13,10628.599609375,
2025-11-14,10565.7001953125,
2025-11-17,10698.099609375,
2025-11-18,10728.599609375,
2025-11-19,10903.900390625,
2025-11-20,10979.7001953125,
2025-11-21,10922.900390625,
2025-11-24,10888.0,
2025-11-25,10857.2001953125,
2025-11-26,10914.7001953125,
2025-11-27,10945.5,
2025-11-28,10898.7001953125,
2025-12-01,11116.5,
2025-12-02,11123.5,
2025-12-03,11036.7998046875,
2025-12-04,10918.5,
2025-12-05,11007.400390625,
2025-12-08,11189.5,
2025-12-09,11238.400390625,
2025-12-10,11193.900390625,
2025-12-11,11233.7001953125,
2025-12-12,11311.2998046875,
2025-12-15,11456.2998046875,
2025-12-16,11348.7998046875,
2025-12-17,11286.7998046875,
2025-12-18,11335.099609375,
2025-12-19,11341.900390625,
2025-12-22,11311.099609375,
2025-12-23,11290.400390625,
2025-12-24,11340.099609375,
2025-12-26,11294.400390625,
2025-12-29,11150.900390625,
2025-12-30,11220.2001953125,
2025-12-31,11261.5,
2026-01-02,11498.400390625,
2026-01-05,11702.0,
2026-01-06,12023.7998046875,
2026-01-07,12028.7998046875,
2026-01-08,12088.0,
2026-01-09,12201.0,
2026-01-12,12254.7998046875,
2026-01-13,12385.599609375,
2026-01-14,12369.900390625,
2026-01-15,12456.7001953125,
2026-01-16,12668.5,
2026-01-19,12747.900390625,
2026-01-20,12805.7998046875,
2026-01-21,12728.2001953125,
2026-01-22,12851.5,
2026-01-23,12992.7001953125,
2026-01-26,13177.2998046875,
2026-01-27,13107.0,
2026-01-28,13407.400390625,
2026-01-29,13831.099609375,
2026-01-30,13838.2998046875,
2026-02-02,13621.0,
2026-02-03,13875.2998046875,
2026-02-04,13891.2001953125,
2026-02-05,13589.099609375,
2026-02-06,13522.0,
2026-02-09,13838.400390625,
2026-02-10,13797.0,
2026-02-11,13787.7998046875,
2026-02-12,14180.5,
2026-02-13,14180.7001953125,
2026-02-16,14339.2998046875,
2026-02-17,14227.2998046875,
2026-02-18,14259.900390625,
2026-02-19,13804.2001953125,
2026-02-20,13934.099609375,
2026-02-23,14061.7001953125,
2026-02-24,14050.7998046875,
2026-02-25,13809.900390625,
2026-02-26,13878.5,
2026-02-27,13717.7998046875,
2026-03-02,13346.400390625,
2026-03-03,12933.400390625,
2026-03-04,12943.2001953125,
2026-03-05,13078.900390625,
2026-03-06,12792.7998046875,
2026-03-09,12702.0,
2026-03-10,13175.7001953125,
2026-03-11,13200.400390625,
2026-03-12,13286.099609375,
2026-03-13,13092.900390625,
2026-03-16,12956.7001953125,
2026-03-17,13217.599609375,
2026-03-18,13115.099609375,
2026-03-19,13047.7001953125,
2026-03-23,13168.2001953125,
2026-03-24,12930.2001953125,
2026-03-25,12963.900390625,
2026-03-26,12727.099609375,
2026-03-27,12698.2001953125,
2026-03-30,12626.400390625,
2026-03-31,12791.0,
2026-04-01,12937.900390625,
2026-04-02,13051.7001953125,
2026-04-03,12936.400390625,
2026-04-06,13112.2998046875,
2026-04-07,12921.599609375,
2026-04-08,13536.7998046875,
2026-04-09,13689.0,
2026-04-10,14073.7998046875,
2026-04-13,14058.5,
2026-04-14,14202.2001953125,
2026-04-15,14252.400390625,
2026-04-16,14201.099609375,
2026-04-17,14587.900390625,
2026-04-20,14579.1796875,
2026-04-21,,14375.400390625
2026-04-22,,14312.9501953125
